key,source,target,Translation Notes,Outstanding issues
ST_Out_UI/ALBUM_DLC_TAB_001,SPECIAL,,,
ST_Out_UI/ALBUM_DLC_TAB_002,DLC 1,,,
ST_Out_UI/ALBUM_DLC_TAB_003,DLC 2,,,
ST_Out_UI/ALBUM_DLC_TAB_004,DLC 3,,,
ST_Out_UI/ALBUM_DLC_TAB_005,DLC 4,,,
ST_Out_UI/ALBUM_DLC_TAB_006,DLC 5,,,
ST_Out_UI/ALBUM_MENU_000,"MAIN
STORY",,,
ST_Out_UI/ALBUM_MENU_001,CROSSOVER,,,
ST_Out_UI/ALBUM_MENU_002,"CLIMAX
CHALLENGE",,,
ST_Out_UI/ALBUM_MENU_003,"DLC
STORY",,,
ST_Out_UI/ALBUM_TAB_002,OTHER,,,
ST_Out_UI/ALBUM_TEXT_002,GROUP COMMU,,,
ST_Out_UI/ALBUM_TEXT_003,IDOL COMMU,,,
ST_Out_UI/ALBUM_TEXT_004,CLIMAX CHALLENGE,,,
ST_Out_UI/ALBUM_TEXT_008,MAIN STORY,,,
ST_Out_UI/ALBUM_TEXT_011,SPECIAL,,,
ST_Out_UI/ALBUM_TOUR_TAB_001,開幕,INTRO,making this section all caps to make it consistent with capitalization in tabs. -F91,
ST_Out_UI/ALBUM_TOUR_TAB_002,北東,NORTH,,
ST_Out_UI/ALBUM_TOUR_TAB_003,南,SOUTH,,
ST_Out_UI/ALBUM_TOUR_TAB_004,上方,KANSAI,,
ST_Out_UI/ALBUM_TOUR_TAB_005,西,WEST,,
ST_Out_UI/ALBUM_TOUR_TAB_006,中央,CENTRAL,,
ST_Out_UI/ALBUM_TOUR_TAB_007,首都,CAPITAL,,
ST_Out_UI/ALBUM_TOUR_TAB_008,終幕,END,,
ST_Out_UI/APPEAL_TEXT_000,対象,Target,,
ST_Out_UI/APPEAL_TEXT_001,APPEAL LEARNED!,,,
ST_Out_UI/APPEAL_TEXT_002,APPEAL AWAKENED!,,,
ST_Out_UI/APPEAL_TEXT_003,自分１人,Single,,
ST_Out_UI/APPEAL_TEXT_004,ユニット,Unit,,
ST_Out_UI/APPEAL_TEXT_005,ライバル,Rival,,
ST_Out_UI/BONDS_MISSON_000,KIZUNA MISSION,BOND MISSION,,
ST_Out_UI/BONDS_MISSON_001,APPOINT MISSION,,,
ST_Out_UI/BONDS_TEXT_000,絆Lv,Bond Lv.,,
ST_Out_UI/BONDS_TEXT_001,信頼Lv,Trust Lv.,,
ST_Out_UI/BONDS_TEXT_002,PARAMETER UP,,,
ST_Out_UI/BONDS_TEXT_003,GET PRODUCER SKILL,,,
ST_Out_UI/BONDS_TEXT_004,OMOIDE UP,MEMORY UP,purposely changing this to line up with translated terms -F91,
ST_Out_UI/BOOT_SEQUENCE_000,"このゲームはオートセーブ機能に対応しています。
オートセーブ中には、このアイコンが表示されますので
その際はPlayStation®４本体の電源を切らないでください。","This game supports auto-saving.
Please do not turn off your PlayStation® 4 console when this icon is displayed.",,
ST_Out_UI/BOOT_SEQUENCE_001,ご注意,WARNING,,
ST_Out_UI/BOOT_SEQUENCE_002,"ゲームソフトを権利者の許諾なく、
インターネットを通じて配信、配布する行為、
 また、違法なインターネット配信と知りながら 
ダウンロードする行為は法律で固く禁じられております。

みなさまのご理解とご協力をお願いいたします。","Distributing game software through the internet without permission from the rights holder,
or downloading illegally distributed software through the internet is strictly prohibited.

The English translation patch is currently a work in progress and there will be
inaccuracies and potential bugs.

We ask for your understanding and cooperation.","Leaving this here just in case we put out any updated preview releases in the future:

This is a UI only preview build of the Starlit Season English Translation Patch.
This preview build is currently tested to work with version 1.10 of Starlit Season on Steam,
and is not complete, nor is it guaranteed to work on pirated copies.

This work in progress patch features a roughly 95% complete UI translation, however
the story and all COMMU events are not complete.

The game can be played from start to finish with this patch, however there are still
outstanding issues that still need to be addressed, which includes but is not limited to
text overflow, preliminary translations, awkward sentence structure, etc.

We can only give an estimated timeframe of ""when it's done"".  We thank you for your
patience and understanding.

-NG",
ST_Out_UI/BOOT_SEQUENCE_003,LANGUAGE,,,
ST_Out_UI/BOOT_SEQUENCE_004,"このゲームはオートセーブ機能に対応しています。
オートセーブ中には、このアイコンが表示されますので
アプリケーションを終了させたり、本体の電源を切らないでください。","This game supports autosaving.
Please do not turn off the system or quit the application when this icon is displayed.","Removed the redundant line ""or when in the middle of an auto-saving process."" I think the autosave icon should be enough to state that autosave is running. -NG 10/31/2021.",
ST_Out_UI/BOOT_SEQUENCE_NO,同意しない,Decline,,
ST_Out_UI/BOOT_SEQUENCE_YES,同意する,Agree,,
ST_Out_UI/BUTTON_TEXT_001,OK,,,
ST_Out_UI/BUTTON_TEXT_002,閉じる,Close,,
ST_Out_UI/BUTTON_TEXT_003,戻る,Back,,
ST_Out_UI/BUTTON_TEXT_004,次へ,Next,,
ST_Out_UI/BUTTON_TEXT_CAMERA_001,ズームイン,Zoom In,,
ST_Out_UI/BUTTON_TEXT_CAMERA_002,ズームアウト,Zoom Out,,
ST_Out_UI/BUTTON_TEXT_CAMERA_003,モデル上下移動,Move Model Up/Down,,
ST_Out_UI/BUTTON_TEXT_CAMERA_004,モデル回転,Rotate Model,,
ST_Out_UI/BUTTON_TEXT_CAMERA_005,カメラアングル移動,Move Camera,"Changed to Move Camera per feedback from Setsuna.  This string is being reused in multiple places, so assume this isn't final. -NG 10/21/2021",
ST_Out_UI/BUTTON_TEXT_CAMERA_006,カメラ初期化,Reset Camera,,
ST_Out_UI/BUTTON_TEXT_CAMERA_007,カメラモード終了,Stop Camera Mode,,
ST_Out_UI/BUTTON_TEXT_COMMU_000,メニュー,Menu,,
ST_Out_UI/BUTTON_TEXT_COMMU_001,ログ選択,Log Select,,
ST_Out_UI/BUTTON_TEXT_COMMU_002,ボイス再生,Play Voice,Character overflow ,
ST_Out_UI/BUTTON_TEXT_COMMU_003,スキップ,Skip,,
ST_Out_UI/BUTTON_TEXT_COMMU_004,早送り,Fast Forward,,
ST_Out_UI/BUTTON_TEXT_COSTUME_000,衣装飾りの表示切替,Toggle Ornaments,still slight character overflow,
ST_Out_UI/BUTTON_TEXT_MYNOTE_000,アイドルユニットグレード,Idol Unit Grade,,
ST_Out_UI/BUTTON_TEXT_MYNOTE_001,称号変更,Title Change,,
ST_Out_UI/BUTTON_TEXT_PARAM,PARAM,,,
ST_Out_UI/BUTTON_TEXT_SE,SE再生,Sound Effects,,
ST_Out_UI/BUTTON_TEXT_UNIT_000,衣装設定,Set Outfits,Character overflow found,
ST_Out_UI/BUTTON_TEXT_UNIT_001,"決定した
ステージの情報",Stage Info,,
ST_Out_UI/CALENDAR_TEXT_000,SCHEDULE,,,
ST_Out_UI/CALENDAR_TEXT_001,TOPICS,,,
ST_Out_UI/CALENDAR_TEXT_002,EVENT,,,
ST_Out_UI/CALENDAR_TITLE_000,C,,,
ST_Out_UI/CALENDAR_TITLE_001,ALENDAR,,,
ST_Out_UI/CALENDAR_TITLE_002,{0}月活動予定,Schedule-{0}th Month ,"This needs to be found in-game. -NG
Used in the CALENDAR menu. UI is not accessible in March so this translation works. -F91",
ST_Out_UI/CALENDAR_WEEK_000,Sun,,,
ST_Out_UI/CALENDAR_WEEK_001,Mon,,,
ST_Out_UI/CALENDAR_WEEK_002,Tue,,,
ST_Out_UI/CALENDAR_WEEK_003,Wed,,,
ST_Out_UI/CALENDAR_WEEK_004,Thu,,,
ST_Out_UI/CALENDAR_WEEK_005,Fri,,,
ST_Out_UI/CALENDAR_WEEK_006,Sat,,,
ST_Out_UI/CLEAR_DATA_000,CLEAR DATA,,,
ST_Out_UI/CLEAR_DATA_001,個別エンディング選択から再開する,Resume from Ending Selection,,
ST_Out_UI/CLEAR_DATA_002,クリアデータの引き継ぎプレイをする,Transfer Cleared Data,,
ST_Out_UI/COMMUNITY_GUIDE_000,コミュリスト,Commu List,,
ST_Out_UI/COMMUNITY_GUIDE_001,プレゼントリスト,Gift List,,
ST_Out_UI/COMMUNITY_GUIDE_002,クロスボード,Crossboard,,
ST_Out_UI/COMMUNITY_HEDDER_001,時期開放,Open Time,,
ST_Out_UI/COMMUNITY_TAB_001,LUMINOUS,,,
ST_Out_UI/COMMUNITY_TAB_004,CROSS,,,
ST_Out_UI/COMMUNITY_TEXT_000,親愛度,Bond,Changing to bond for consistency and to solve text overflow. Awaiting approvals,Confimed overflow. Needs re-test. -NG
ST_Out_UI/COMMUNITY_TEXT_001,ミッションクリア報酬,Mission Clear Reward,,
ST_Out_UI/COMMUNITY_TEXT_002,コミュ全体進捗,Progress,"overflow found. ""progress"" might be enough since there should be enough context to show we're only focused on COMMUs -F91",
ST_Out_UI/COMMUNITY_TEXT_003,達成進捗,Achievement Progress,,
ST_Out_UI/COMMUNITY_TEXT_005, <mis_def> {0}月から開放</>,<mis_def>Unlocks on the {0}th month</>,rewording this so that it sounds less awkward to the reader -F91,
ST_Out_UI/COMMU_DOME_001,STARLIT DOME 完成予想図,STARLIT DOME Rendering,,
ST_Out_UI/COMMU_EVENT_INFO_000,開催,Date,,
ST_Out_UI/COMMU_EVENT_INFO_001,スターリットシーズンに関して,Reagarding Starlit Season,,
ST_Out_UI/COMMU_EVENT_INFO_002,スターリットシーズン最終イベントに関して,Regarding Starlit Season's Final Event,,
ST_Out_UI/COMMU_EVENT_INFO_0400,{0}月開催,{0}Month,This needs to be checked in-game. -NG,
ST_Out_UI/COMMU_EVENT_INFO_0401,『スターリットシーズン』の5つのステージ,"Five Stages of ""Starlit Season""",,
ST_Out_UI/COMMU_EVENT_INFO_0402,クリスタルウィンター,Crystal Winter,,
ST_Out_UI/COMMU_EVENT_INFO_0403,サマードルフィン,Summer Dolphin,,
ST_Out_UI/COMMU_EVENT_INFO_0404,スプリングナイト,Spring Night,,
ST_Out_UI/COMMU_EVENT_INFO_0405,ハロウィンオータム,Halloween Autumn,,
ST_Out_UI/COMMU_EVENT_INFO_0406,最終選考会,Final Audition,,
ST_Out_UI/COMMU_EVENT_INFO_1200,イベント開催会場,Event Venue,,
ST_Out_UI/COMMU_EVENT_INFO_1201,最終イベント,Final Event,,
ST_Out_UI/COMMU_EVENT_INFO_1202,スターリットシーズン最終イベントについて,About Starlit Season's Final Event,,
ST_Out_UI/COMMU_ORDER_000,プロジェクトルミナス 月間目標,Project Luminous Monthly Goal,,
ST_Out_UI/COMMU_ORDER_001,月末ステージ,Monthly Stage,"will shorten this to ""monthly stage"" due to overflow occurences in some places. The meaning as a once every month stage shouldn't be lost,
but players will have to realize that this happens at the end of the month. -F91",
ST_Out_UI/COMMU_ORDER_002,今月の目標とするファン人数は…,Our target number of fans for this month is...,,
ST_Out_UI/COMMU_ORDER_003,人以上,fans,deviating from original translation due to space constraints,
ST_Out_UI/COMMU_ORDER_004,選考ステージ,Selection Stage,,
ST_Out_UI/COMMU_ORDER_005,大会指定,SLS,"Character overflow found.
I don't think we can tranlate this or abbreviate it in such a way that it will be presentable.
This is used in the ORDER tab in SCHEDULE and possibly in monthly meeting documents. 
Maybe we can throw a brand of sorts in here since the text is next to the Starlit Season tournament logo...  -F91",
ST_Out_UI/COMMU_ORDER_006,P指定,Orders,"Character overflow found with ""producer goal"".
Using the word ""Orders"" here since other words like designation and assignment are too long.",
ST_Out_UI/COMMU_ORDER_007,締切（選考会出場）,Sel. Deadline,"Character overflow - confirmed by Setsuna.
Changing this to ""sel deadline"" to address overflow and because this is only displayed on selection stage months. -F91",
ST_Out_UI/COMMU_ORDER_008,締切（月末ステージ）,Monthly Deadline,,
ST_Out_UI/COMMU_ORDER_009,予測獲得ファン人数,Expected Fan Count,,
ST_Out_UI/COMMU_ORDER_010,月次：目標ファン人数,Monthly: Fan Goal,"Doesnt show very well in the UI.
Maybe change to ""Monthly: Fan Goal"" or something along the lines with less words",
ST_Out_UI/COMMU_ORDER_011,週末ステージ,Weekend Stage,,
ST_Out_UI/COMMU_PAUSE_000,スキップする,Skip,,
ST_Out_UI/COMMU_PAUSE_001,コミュ終了,End Communication,,
ST_Out_UI/COMMU_PAUSE_002,バックログを見る,View Backlog,,
ST_Out_UI/COMMU_SELECT_RESULT_000,Perfect!!,,,
ST_Out_UI/COMMU_SELECT_RESULT_001,Good!,,,
ST_Out_UI/COMMU_SELECT_RESULT_002,Normal,,,
ST_Out_UI/COMMU_SELECT_RESULT_003,Bad…,,,
ST_Out_UI/COMMU_SELECT_RESULT_004,Extreme Clear!!,,,
ST_Out_UI/COMMU_SELECT_RESULT_005,Clear!,,,
ST_Out_UI/COMMU_SELECT_RESULT_006,Failed,,,
ST_Out_UI/COMMU_SELECT_RESULT_007,Worst Failed…,,,
ST_Out_UI/COMMU_TITLE_000,C,,,
ST_Out_UI/COMMU_TITLE_001,OMMU,,,
ST_Out_UI/COMMU_TITLE_002,STORY,,,
ST_Out_UI/COMMU_TOUCH_BUTTON_000,タッチ,Touch,,
ST_Out_UI/COMMU_TOUCH_BUTTON_001,を押す,Press,,
ST_Out_UI/COMMU_TOUCH_BUTTON_002,連打,Bombard,,
ST_Out_UI/COMMU_TOUCH_BUTTON_003,を連打する,Repeatedly,,
ST_Out_UI/COMMU_TOUCH_BUTTON_004,長押し,Long Press,,
ST_Out_UI/COMMU_TOUCH_BUTTON_005,を長く押す,Press for a long time,,
ST_Out_UI/COMMU_TOUCH_BUTTON_006,撫でる,Caress,,
ST_Out_UI/COMMU_TOUCH_BUTTON_007,を移動,Move,,
ST_Out_UI/COMMU_TVPLAN_000,"企画提案書
LUMINOUS TV番組出演依頼","Plan Proposal
LUMINOUS TV Appearance Request",,
ST_Out_UI/COMMU_TVPLAN_A_001,アイドルドキュメンタリー,Idol Documentary,,
ST_Out_UI/COMMU_TVPLAN_A_002,情熱！アイドル列伝！,Passion! Idol Biographies!,1st pass using a literal translation from Jisho.  Might need a check in-game to see if this even makes sense. -NG 10/21/2021,
ST_Out_UI/COMMU_TVPLAN_A_003,新アイドル発見！アイドル㊙密着取材,Discover a new idol! Idol ㊙ Close Contact Coverage,,
ST_Out_UI/COMMU_TVPLAN_A_004,アイドルの日々を自分たちで取材＆撮影,Interviewing and Capturing the Daily Life of Idols On Our Own,,
ST_Out_UI/COMMU_TVPLAN_A_005,番組のハイライトは……,"The highlight
of the show is......",Potentially fixed overflowing using line breaks. Abridge if that doesn't help. - KK,
ST_Out_UI/COMMU_TVPLAN_B_001,アイドル専門の歌番組,A concert dedicated to idols,,
ST_Out_UI/COMMU_TVPLAN_B_002,HELLO☆アイドルフューチャー,HELLO ☆ Future Idols,"Changed the title from HELLO Idol Future, so it makes more sense given the context of trying out for auditions. - KK",
ST_Out_UI/COMMU_TVPLAN_B_003,出演オーディションへの挑戦,Trying out for an audition,,
ST_Out_UI/COMMU_TVPLAN_B_004,オーディション挑戦の全てを自分たちで取材＆撮影,Covering and Capturing the Audition Challenges on Our Own,,
ST_Out_UI/COMMU_TVPLAN_B_005,歌番組への出演挑戦,"Singing Performance
Challenge",Potentially fixed overflowing using line breaks. Abridge if that doesn't help. - KK,
ST_Out_UI/COMMU_TVPLAN_C_001,"２つの番組がリンクしたドキュメンタリー企画
宣伝効果も抜群！","A documentary project linking two programs.
Great publicity!",,
ST_Out_UI/COMMU_UNITY_000,団結コミュ,Unity COMMU,,
ST_Out_UI/COMMU_UNITY_001,参加者の選択,Participant Selection,,
ST_Out_UI/COMMU_UNITY_002,参加者候補,Invite,"maybe something along the lines of ""interested"" or ""invite""? -F91",Character overflow 
ST_Out_UI/COMMU_UNITY_003,提案者の選択,Suggestions,shuffling words in the UI around due to text constraints with original literal translation -F91,
ST_Out_UI/COMMU_UNITY_004,{0}の提案,{0}'s,shuffling words in the UI around due to text constraints with original literal translation -F91,Character overflow 
ST_Out_UI/COMMU_UNIT_000,"推薦
理由",BIO,going to simply leave this as BIO. We have barely any space to work with and BIO should suffice as the field name without overcomplicating the text area's purpose,
ST_Out_UI/COMMU_UNIT_001,推薦者,Referrer,this text is used in both unity commus and the confidential introduction bios. modifying to take account of this -F91,
ST_Out_UI/COMMU_UNIT_002,推薦代理者,Ext. Referrer,this text is used in both unity commus and the confidential introduction bios. modifying to take account of this -F91,
ST_Out_UI/COMMU_UNIT_TITLE_001,"スペシャルユニット選出資料①
メンバー候補推奨プロフィール","Special Unit Selection Document ①
Profiles of Recommended Candidates",,
ST_Out_UI/COMMU_UNIT_TITLE_002,"スペシャルユニット選出資料②
メンバー候補推奨プロフィール","Special Unit Selection Document ②
Profiles of Recommended Candidates",,
ST_Out_UI/COMMU_UNIT_TITLE_003,"スペシャルユニット選出資料③
メンバー候補推奨プロフィール","Special Unit Selection Document ③
Profiles of Recommended Candidates",,
ST_Out_UI/CROSSBOARD_BONUS_000,OPEN BONUS,,,
ST_Out_UI/CROSSBOARD_BONUS_001,BINGO BONUS,,,
ST_Out_UI/CROSSBOARD_BONUS_003,open,,,
ST_Out_UI/CROSSBOARD_BONUS_NUM_001,{0}個,{0},just the number should be enough -F91,
ST_Out_UI/CROSSBOARD_COMPLETE,COMPLETE,,,
ST_Out_UI/CROSSBOARD_CUTIN_000,BINGO!!,,,
ST_Out_UI/CROSSBOARD_CUTIN_001,OPEN!!,,,
ST_Out_UI/CROSSBOARD_INFO_000,登場アイドル,Featured Idols,entry in the COMMU menu context refers to what idols appear in the COMMU. rewording for readability. -F91,
ST_Out_UI/CROSSBOARD_INFO_001,現在レベル / 開放条件,Level/Required,Character overflow ,Character overflow 
ST_Out_UI/CROSSBOARD_INFO_002,メインストーリーの進行で開放,Unlock by progressing through the main story,,
ST_Out_UI/CROSSBOARD_INFO_003,まだ観ていません,Has not been unlocked,,
ST_Out_UI/CROSSBOARD_INFO_004,隣接するマスの開放で条件を表示,Open neighboring tiles to show conditions,,
ST_Out_UI/CROSSBOARD_LINE_000,line,,,
ST_Out_UI/CROSSBOARD_OPEN,コミュ開放状況,COMMU Opened,Character overflow ,Character overflow 
ST_Out_UI/CROSSBOARD_RECEIVED,受取済,Received,,
ST_Out_UI/CUTIN_ORDER_CHECK_002,CHECK!,,,
ST_Out_UI/CUTIN_ORDER_CLEAR,ORDER CLEAR!!,,,
ST_Out_UI/CUTIN_ORDER_FAILED,ORDER FAILED...,,,
ST_Out_UI/CUTIN_ORDER_START,ORDER!,,,
ST_Out_UI/CUTIN_TASK_CHECK,PRODUCER TASK,,,
ST_Out_UI/CUTIN_TASK_CLEAR,PRODUCER TASK CLEAR!!,,,
ST_Out_UI/CUTIN_TASK_FAILED,PRODUCER TASK FAILED...,,,
ST_Out_UI/CUTIN_TASK_START,PRODUCER TASK!,,,
ST_Out_UI/DAYRESULT_TITLE_000,D,,,
ST_Out_UI/DAYRESULT_TITLE_001,AY,,,
ST_Out_UI/DAYRESULT_TITLE_002,R,,,
ST_Out_UI/DAYRESULT_TITLE_003,ESULT,,,
ST_Out_UI/DAY_END_TEXT_000,Good Night,,,
ST_Out_UI/DLC_COMMU_GROUP_000,SHOPPING,,,
ST_Out_UI/DLC_COMMU_GROUP_001,COOKING,,,
ST_Out_UI/DLC_COMMU_GROUP_002,CAKE SPONGE STAFF,SPONGE CAKE GROUP,,
ST_Out_UI/DLC_COMMU_GROUP_003,CREAM STAFF,CREAM GROUP,,
ST_Out_UI/DLC_COMMU_GROUP_004,FRUITS STAFF,FRUITS GROUP,,
ST_Out_UI/DLC_COMMU_GROUP_005,TOPPING STAFF,TOPPINGS GROUP,,
ST_Out_UI/DLC_COMMU_GROUP_006,SPONGE & CREAM STAFF,SPONGE & CREAM GROUP,,
ST_Out_UI/DLC_COMMU_GROUP_007,DECORATION STAFF,DECORATION GROUP,,
ST_Out_UI/DLC_STORY_TEXT_000,第{0}話,Episode {0},,
ST_Out_UI/DLC_STORY_TEXT_001,ステージ参加アイドル,Participating Idols on Stage,,
ST_Out_UI/DLC_TOUR_AREA_001_1,北東ブロック１,Northern Block 1,,
ST_Out_UI/DLC_TOUR_AREA_001_2,北東ブロック２,Northern Block 2,,
ST_Out_UI/DLC_TOUR_AREA_002_1,中央ブロック１,Central Block 1,,
ST_Out_UI/DLC_TOUR_AREA_002_2,中央ブロック２,Central Block 2,,
ST_Out_UI/DLC_TOUR_AREA_003_1,南ブロック１,Southern Block 1,,
ST_Out_UI/DLC_TOUR_AREA_003_2,南ブロック２,Southern Block 2,,
ST_Out_UI/DLC_TOUR_AREA_004_1,西ブロック１,Western Block 1,,
ST_Out_UI/DLC_TOUR_AREA_004_2,西ブロック２,Western Block 2,,
ST_Out_UI/DLC_TOUR_AREA_005_1,上方ブロック１,Kansai Block 1,,
ST_Out_UI/DLC_TOUR_AREA_005_2,上方ブロック２,Kansai Block 2,,
ST_Out_UI/DLC_TOUR_AREA_006_1,首都ブロック１,Capital Block 1,,
ST_Out_UI/DLC_TOUR_AREA_006_2,首都ブロック２,Capital Block 2,,
ST_Out_UI/DLC_TOUR_LIST_001,1stアイドル固定,Fixed Center Idol,,
ST_Out_UI/DLC_TOUR_LIST_002,メンバー制限,Restricted Members,,
ST_Out_UI/DLC_TOUR_TEXT_000,都道府県選択,Select Prefecture,,
ST_Out_UI/DLC_TOUR_TEXT_001,エリア選択,Select Area,,
ST_Out_UI/DLC_TOUR_TEXT_003,ランキング,Ranking,,
ST_Out_UI/DLC_TOUR_TEXT_004,CLEAR,,,
ST_Out_UI/DLC_TOUR_TEXT_005,STAGE,,,
ST_Out_UI/DLC_TOUR_TEXT_006,FINAL,,,
ST_Out_UI/DLC_TOUR_TEXT_007,AREA,,,
ST_Out_UI/DLC_TOUR_TEXT_008,END,,,
ST_Out_UI/DLC_TOUR_TEXT_009,ブロック１,Block 1,,
ST_Out_UI/DLC_TOUR_TEXT_010,ブロック２,Block 2,,
ST_Out_UI/DLC_TOUR_TEXT_011,"ユニゾンアピール
ブースト","Unison Appeal
Boost",,
ST_Out_UI/DLC_TOUR_TEXT_012,ポジション：1st,Fixed Center,,
ST_Out_UI/GROUP_IDOL_001,Vo.,,,
ST_Out_UI/GROUP_IDOL_002,Da.,,,
ST_Out_UI/GROUP_IDOL_003,Vi.,,,
ST_Out_UI/GROUP_RANK_001,GRADE 1,,,
ST_Out_UI/GROUP_RANK_002,GRADE 2,,,
ST_Out_UI/GROUP_RANK_003,GRADE 3,,,
ST_Out_UI/GROUP_TEXT_001,GRADE 1,,,
ST_Out_UI/GROUP_TEXT_002,GRADE 2,,,
ST_Out_UI/GROUP_TEXT_003,GRADE 3,,,
ST_Out_UI/GROUP_TEXT_004,翌日から編成可能,Can be organized the next day,,
ST_Out_UI/GROUP_TEXT_005,翌日から可能,Available on the next day,,
ST_Out_UI/HOME_DAY_SCHEDULE_000,・レッスン,・Lesson,,
ST_Out_UI/HOME_DAY_SCHEDULE_001,・営業,・Work,"This translation will make an extremely large impact because of how often it's used and is core to gameplay.
I am changing this to ""Jobs"" from the MTL of ""sales"" because our girls aren't salesman and it will flow better 
in other parts where it will be used. Feel free to discuss further changes -F91",
ST_Out_UI/HOME_DAY_SCHEDULE_002,・ステージ,・Stage,,
ST_Out_UI/HOME_DAY_SCHEDULE_003,"・レッスン
・営業","・Lesson
・Work",,
ST_Out_UI/HOME_DAY_SCHEDULE_004,"・レッスン
・ステージ","・Lesson
・Stage",,
ST_Out_UI/HOME_DAY_SCHEDULE_005,"・営業
・ステージ","・Work
・Stage",,
ST_Out_UI/HOME_DAY_SCHEDULE_006,"・レッスン
・営業
・ステージ","・Lesson
・Work
・Stage",,
ST_Out_UI/HOME_MENU_TEXT_001,アイドルの活動設定,Idol Activity Settings,,
ST_Out_UI/HOME_MENU_TEXT_002,UNIT EDIT,EDIT UNIT,,
ST_Out_UI/HOME_MENU_TEXT_003,ユニットの編成,Organize Unit,,
ST_Out_UI/HOME_MENU_TEXT_004,IDOL MANAGE,MANAGE IDOLS,,
ST_Out_UI/HOME_MENU_TEXT_005,アイドルの情報確認,Review Idol Info,review sounds better than confirm -F91,
ST_Out_UI/HOME_MENU_TEXT_006,COMMU,,,
ST_Out_UI/HOME_MENU_TEXT_007,コミュの情報確認,Review COMMU,"Character overflow 
Changed to ""review"" for consistency with other similar lines -F91",
ST_Out_UI/HOME_MENU_TEXT_008,MAIL,,maybe change this to emails or texts to modernize the english usage here? -F91,
ST_Out_UI/HOME_MENU_TEXT_009,メールの確認,Review Messages,review sounds better than confirm. also changing mails to messages for this tooltip -F91,
ST_Out_UI/HOME_MENU_TEXT_010,MY NOTE,MY NOTES,slight grammar adjustment -F91,
ST_Out_UI/HOME_MENU_TEXT_011,プロデューサーの情報確認,Review Producer Info,review sounds better than confirm -F91,
ST_Out_UI/HOME_MENU_TEXT_013,今月の情報確認,Review This Month's Info,review sounds better than confirm -F91,
ST_Out_UI/HOME_MENU_TEXT_015,DLCストーリーへ,Start DLC Story,,
ST_Out_UI/HOME_MENU_TEXT_017,日本全国凱旋ステージへ,Perform on stages in Japan,,
ST_Out_UI/HOME_MENU_TEXT_MAP,フリータイムの選択へ,Go to Free Time Selection,,
ST_Out_UI/HOME_SUBMENU_TEXT_0101,LESSON,,,
ST_Out_UI/HOME_SUBMENU_TEXT_0102,WORK,,,
ST_Out_UI/HOME_SUBMENU_TEXT_0103,GROUP WORK,,,
ST_Out_UI/HOME_SUBMENU_TEXT_0105,SPECIAL STAGE,,,
ST_Out_UI/HOME_SUBMENU_TEXT_0201,SKILL BOARD,,,
ST_Out_UI/HOME_SUBMENU_TEXT_0202,PROFILE,,,
ST_Out_UI/HOME_SUBMENU_TEXT_0203,STATUS LIST,,,
ST_Out_UI/HOME_SUBMENU_TEXT_0302,CONNECTION,CONNECTIONS,,
ST_Out_UI/HOME_SUBMENU_TEXT_0402,ITEM LIST,,,
ST_Out_UI/HOME_SUBMENU_TEXT_0403,TUTORIAL,,,
ST_Out_UI/HOME_SUBMENU_TEXT_0404,CUSTOM,CUSTOMIZE,"changing the wording here to signify an action (verb) since the JP borrowed meaning is vague without context.
Changes here will only affect the main game and I am not sure if we should do the same for S4U. -F91",
ST_Out_UI/HOME_TEXT_000,本日の活動,Today's Activities,,
ST_Out_UI/HOME_TEXT_002,目標ファン人数まで,Fan Goal Remaining,,
ST_Out_UI/HOME_TEXT_003,人,人,"there will be overflow no matter what because ""fans"" in JP is simply 1 character.
Pretty much can't use any non-alphanumeric character here.  Will need to look into editing the asset itself. -NG",
ST_Out_UI/HOME_TEXT_004,歌唱メンバー 活動日,Singers Activity Day,Changes made to accomodate overflow,
ST_Out_UI/HOME_TEXT_005,オールメンバー 活動日,Members Activity Day,may need to make changes for consistency with previous line,
ST_Out_UI/HOME_TEXT_006,クリスタルウィンターに備えよう！,Prepare for Crystal Winter!,,
ST_Out_UI/ICON_HELP_TEXT_000,設定中,SET,"""Setting"" is very likely a mistranlation. ""selected"" might be too long",
ST_Out_UI/ICON_HELP_TEXT_001,選択不可,Unavailable,Shortening this because I have a hunch this is the reason why we're getting the unselectable idol bug in the UI.,"Causes issues if the character size is increased or reduced (so, leave as is)"
ST_Out_UI/ICON_HELP_TEXT_002,未設定,Unset,,
ST_Out_UI/ICON_HELP_TEXT_003,未開放,X,"still overflow and cheeky ""no"" symbols dont exist in the font database",
ST_Out_UI/ICON_HELP_TEXT_004,外す,Remove,,
ST_Out_UI/ICON_HELP_TEXT_005,未習得,Unacquired,,
ST_Out_UI/IDOL_GRADE_000,累計ファン人数,Total Fans,,
ST_Out_UI/IDOL_GRADE_001,次のアイドルユニットグレードまで,Fans Until Next Grade:,,
ST_Out_UI/IDOL_GRADE_002,万,,"This will definitely cause an overflow if translated to English.  This is used for numbers, and we should see if removing this character is feasible. -NG",
ST_Out_UI/IDOL_GRADE_004,IDOL UNIT GRADE,,,
ST_Out_UI/IDOL_ITEM_USE_000,個数決定,Quantity Determination,This might cause an overflow. -NG,
ST_Out_UI/IDOL_ITEM_USE_001,使用する,Use,,
ST_Out_UI/IDOL_PROFILE_002,思い出,Memories,,
ST_Out_UI/IDOL_PROFILE_003,スキルポイント,Skill Points,,
ST_Out_UI/IDOL_PROFILE_004,パラメータ上限,Param. MAX,"Character overflow 
Current suggestion: Abbreviating ""Parameter""",
ST_Out_UI/IDOL_PROFILE_CATEGORY_000,年齢,AGE,,
ST_Out_UI/IDOL_PROFILE_CATEGORY_001,誕生日,BDAY,,
ST_Out_UI/IDOL_PROFILE_CATEGORY_002,血液型,BT,,
ST_Out_UI/IDOL_PROFILE_CATEGORY_003,身長,HGHT,,
ST_Out_UI/IDOL_PROFILE_CATEGORY_004,体重,WGHT,,
ST_Out_UI/IDOL_PROFILE_CATEGORY_005,BWH,BWH,,
ST_Out_UI/IDOL_PROFILE_CATEGORY_006,出身地,Origin,"Character overflow 
Changing to Origin from Birthplace
Could use POB or P.O.B.  This is a perfectly valid abbreviation for Place of Birth in the western world. -NG",
ST_Out_UI/IDOL_PROFILE_CATEGORY_007,趣味,Interests,,
ST_Out_UI/IDOL_PROFILE_MENU_001,衣装着せ替え,Change Outfit,,
ST_Out_UI/IDOL_PROFILE_MENU_002,歌唱楽曲,Songs,,
ST_Out_UI/IDOL_PROFILE_MENU_003,ユニゾンアピール,Unison Appeal,,
ST_Out_UI/IDOL_SKILL_BOARD_001,団結P,UnityP,,
ST_Out_UI/IDOL_SKILL_BOARD_002,スキルリスト,Skill List,,
ST_Out_UI/IDOL_SKILL_BOARD_ICON_000,Ex,,,
ST_Out_UI/IDOL_SKILL_BOARD_ICON_001,Po,,,
ST_Out_UI/IDOL_SKILL_BOARD_ICON_002,Te,,,
ST_Out_UI/IDOL_SKILL_LIST_000,SKILL,,,
ST_Out_UI/IDOL_SKILL_LIST_001,習得数,Number of skills,,
ST_Out_UI/ITEM_USE_HELP_000,EXP,,,
ST_Out_UI/ITEM_USE_HELP_001,これ以上は使用できません,Cannot be used,rewording based on situations where you are not allowed to use an item,
ST_Out_UI/ITEM_USE_HELP_002,使用可能アイテム未所持,None available,,
ST_Out_UI/ITEM_USE_HELP_003,使用数,#,"creates some really weird overlapping situation in the ""use item"" menu. May need to shorten this by a lot or leave it blank.",
ST_Out_UI/LESSON_IMPOSSIBLE_000,マニー不足,Low Money,,
ST_Out_UI/LESSON_TAB_000,BEGINNER,BEGINNER,,
ST_Out_UI/LESSON_TAB_002,EXPERT,EXPERT,,
ST_Out_UI/LESSON_TAB_003,MASTER,MASTER,,
ST_Out_UI/LESSON_TAB_004,REGULAR,STANDARD,"Went with ""Standard"" instead of ""Regular"", as it sounds better for difficulty options.
Note: this is referenced in a lot of places, so we must make sure the changes are applied across the board -F91",
ST_Out_UI/LESSON_TEXT_000,ルール説明,Rules,"Changed to ""Rules"" to fix an overflow issue. -NG 11/25/2021",
ST_Out_UI/LESSON_TEXT_001,消費,Cost,"This may cause overflow - Kuba
Cost should be small enough of a word to resolve overflow -F91",
ST_Out_UI/LESSON_TEXT_002,レッスン効果,Lesson Effect,,
ST_Out_UI/LESSON_TEXT_006,AUTO,,,
ST_Out_UI/LIVE_RULE_TEXT_000,ライブ,Live,,
ST_Out_UI/LIVE_RULE_TEXT_001,フェス,Festival,,
ST_Out_UI/LIVE_RULE_TEXT_002,オーディション,Audition,,
ST_Out_UI/LIVE_RULE_TEXT_003,メドレー{0},Medley {0},,
ST_Out_UI/LIVE_RULE_TEXT_004,{0}トライアル,{0} Trial,,
ST_Out_UI/LIVE_RULE_TEXT_005,13人ライブ,13 Member Live,Line has been ommited from v1.30,
ST_Out_UI/LUMINOUS_SHOP_000,CATALOG,,,
ST_Out_UI/LUMINOUS_SHOP_001,VOL.,,,
ST_Out_UI/LUMINOUS_SHOP_002,購入済,Purchased,,
ST_Out_UI/LUMINOUS_SHOP_003,体験版購入不可,Trial version not available for purchase,,
ST_Out_UI/LUMINOUS_SHOP_004,PAGE,,,
ST_Out_UI/LUMINOUS_SHOP_005,JPY,,,
ST_Out_UI/LUMINOUS_SHOP_006,通常版,Standard Edition,,
ST_Out_UI/LUMINOUS_SHOP_007,デジタルデラックスエディション,Digital Deluxe Edition,,
ST_Out_UI/LUMINOUS_SHOP_BUTTON_000,スクリーンショット,Screenshot,,
ST_Out_UI/LUMINOUS_SHOP_TAG_004,セット,Set,,
ST_Out_UI/LUMINOUS_SHOP_TAG_005,アイテム,Item,,
ST_Out_UI/LUMINOUS_SHOP_TAG_006,その他,Other,,
ST_Out_UI/LUMINOUS_SHOP_TAG_007,その他 2,Other 2,,
ST_Out_UI/LUMINOUS_SHOP_TAG_008,その他 3,Other 3,,
ST_Out_UI/MAP_NOT_ITEMUSE,本日、このアイテムの使用はできません,This item is currently unavailable for use.,"Re-arranged the sentence around a bit.  Original was ""This item is unavailable for use currently."" -NG",
ST_Out_UI/MAP_TEXT_001,行動回数,ACT. Left:,"FREE TIME remaining activities. This shit is definitely prone to overflow.
EDIT: Changed from ""Actions Remaining"" to ""ACT. Left""",
ST_Out_UI/MAP_TEXT_002,行動回数制限なし,Unlimited actions,Corrected a typo. -NG  Unfixed in current patch - 10/16/2021,
ST_Out_UI/MAP_TEXT_004,ルミナス,Luminous,,
ST_Out_UI/MAP_TEXT_005,ディアマント,Diamant,,
ST_Out_UI/MAP_TEXT_007,関係者,Staff,"This one also translates out to officials or person(s) concerned in DeepL.  Leaving this one as Staff, but it will need to be checked in-game. -NG
This might be referring to your business partners. Will need to check -F91",
ST_Out_UI/MAP_TEXT_008,施設,Facility,,
ST_Out_UI/MAP_TEXT_009,A few days later,,,
ST_Out_UI/MINIGAME_TEXT_001,BAD,,,
ST_Out_UI/MINIGAME_TEXT_002,PERFECT,,,
ST_Out_UI/MINIGAME_TEXT_003,GOOD,,,
ST_Out_UI/MINIGAME_VI_CIRCLE,笑顔で！,Smile!,Initial pass.  -NG 11/16/2021,
ST_Out_UI/MINIGAME_VI_CROSS,せつなく！,Frown!,Initial pass.  -NG 11/24/2021,
ST_Out_UI/MINIGAME_VI_DELAY,遅い！,Too slow!,Initial pass.  -NG 11/16/2021,
ST_Out_UI/MINIGAME_VI_EXCEPT,以外で！, ,There is a blank character in this cell.  This is a workaround since there isn't an easy way to swap VI_EXCEPT and the VI_NON strings without modifying the UI. -NG 11/24/2021,
ST_Out_UI/MINIGAME_VI_L1,銃でバーン！,Pistol Pose!,"This pose command has the idol make a finger gun and shoot it.  Trying to figure out a good way to describe this.  -NG 11/16/2021
The instruction in JP is literally ""fire your gun"", so you can say something short and silly along this line or ""give me a bang!"" -F91
Testing with ""Pistol Pose!"" for now.  Not script accurate. -NG 11/24/2021",
ST_Out_UI/MINIGAME_VI_L1R1,投げキッス！,Blow a kiss!,Initial translation pass. -NG 11/24/2021,
ST_Out_UI/MINIGAME_VI_MOVE_DOWN,下向いて！,Look down!,Alt: Turn around! Face down! - Might need to check this.  -NG,
ST_Out_UI/MINIGAME_VI_MOVE_LEFT,左向いて！,Turn left!,"Alt: Face left! Turn left! -NG
I don't want to use the word ""face"". Sounds more military than idol -F91",
ST_Out_UI/MINIGAME_VI_MOVE_RIGHT,右向いて！,Turn right!,Alt: Face right! Turn right! -NG,
ST_Out_UI/MINIGAME_VI_MOVE_UP,上向いて！,Look up!,,
ST_Out_UI/MINIGAME_VI_NEXT,続けて！,Keep going!,"Alt: Go on! Go on, go on! -NG",
ST_Out_UI/MINIGAME_VI_NG_001,何してんの？,What are you doing?,,
ST_Out_UI/MINIGAME_VI_NG_002,ダメね！,No!,,
ST_Out_UI/MINIGAME_VI_NON_CIRCLE,笑顔,Anything but smiling!,Second pass. Trimmed slightly to deal with overlap.  Needs re-testing.  -NG 11/24/2021,
ST_Out_UI/MINIGAME_VI_NON_CROSS,せつなく！,Anything but frowning!,Second pass. Trimmed slightly to deal with overlap.  Needs re-testing.  -NG 11/24/2021,
ST_Out_UI/MINIGAME_VI_NON_DOWN,下,Look anywhere but down!,Initial translation pass. -NG 11/24/2021,
ST_Out_UI/MINIGAME_VI_NON_LEFT,左,Face anywhere but left!,Initial translation pass. -NG 11/24/2021,
ST_Out_UI/MINIGAME_VI_NON_RIGHT,右,Face anywhere but right!,Initial translation pass. -NG 11/24/2021,
ST_Out_UI/MINIGAME_VI_NON_SQUARE,可愛く,Anything but a cute wink!,Second pass. Trimmed slightly to deal with overlap.  Needs re-testing.  -NG 11/24/2021,
ST_Out_UI/MINIGAME_VI_NON_TRAIANGLE,不敵,Anything but a bold smile!,Second pass. Trimmed slightly to deal with overlap.  Needs re-testing.  -NG 11/24/2021,
ST_Out_UI/MINIGAME_VI_NON_UP,上,Look anywhere but up!,Initial translation pass. -NG 11/24/2021,
ST_Out_UI/MINIGAME_VI_OK_001,いいね！,That's great!,,
ST_Out_UI/MINIGAME_VI_OK_002,最高よ！,You're the best!,"Checked a Japanese dictionary for what ""最高"" (Saiko) meant, and ""Yo"" is a particle indicating ""You"", just to double check what DeepL was spitting out. - KK
Slight overflow. -NG",
ST_Out_UI/MINIGAME_VI_OK_003,ステキ！,Superb!,,
ST_Out_UI/MINIGAME_VI_R1,飛び跳ねて！,Jump!,Initial translation pass. -NG 11/24/2021,
ST_Out_UI/MINIGAME_VI_SQUARE,可愛く！,Cute wink!,"Slightly embellished.  In context, the facial expression for this is a wink, so leaving it as ""Cute!"" will make zero sense. -NG 11/24/2021",
ST_Out_UI/MINIGAME_VI_TRAIANGLE,不敵に！,Bold smile!,Initial translation pass. -NG 11/24/2021,
ST_Out_UI/MINIGAME_VO_NG_001,違う、そうじゃない,"No, that seems wrong.","I was unsure whether or not the Google Translate or DeepL translations were completely correct, so I broke down the line and looked at it through a JP dictionary. - KK",
ST_Out_UI/MINIGAME_VO_OK_001,いいわ、その調子！,"That's good, keep it up!",,
ST_Out_UI/MINIGAME_VO_START_001,それでは、レッスンスタート！,"Alright, let's start the lesson!",,
ST_Out_UI/MINIGAME_VO_TEXT_000,BREATH,BREATH,,
ST_Out_UI/MINIGAME_Vi_TEXT_000,POSE,POSE,,
ST_Out_UI/MINIGAME_Vi_TEXT_001,FACE,FACE,,
ST_Out_UI/MONTHLY_COUNT_000,残り,Remain,"This may need to be checked for overflow issues. - KK
Don't think there's overflow, but how it's used can be weird with the # of units remaining in the starlit season -F91",
ST_Out_UI/MONTHLY_COUNT_001,組,Groups,,
ST_Out_UI/MUSIC_MEDLEY_001,STAGE 1,STAGE 1,These should be fine as is. - KK,
ST_Out_UI/MUSIC_MEDLEY_002,STAGE 2,STAGE 2,,
ST_Out_UI/MUSIC_MEDLEY_003,STAGE 3,STAGE 3,,
ST_Out_UI/MUSIC_MEMBER_000,SPECIAL,SPECIAL,,
ST_Out_UI/MUSIC_MEMBER_001,SOLO,SOLO,,
ST_Out_UI/MUSIC_MEMBER_002,DUO,DUO,,
ST_Out_UI/MUSIC_MEMBER_003,TRIO,TRIO,,
ST_Out_UI/MUSIC_MEMBER_004,QUARTET,QUARTET,,
ST_Out_UI/MUSIC_MEMBER_005,QUINTET,QUINTET,,
ST_Out_UI/MUSIC_SELECT_000,SONG SETTING,,,
ST_Out_UI/MUSIC_SELECT_001,IDOL,,,
ST_Out_UI/MUSIC_TEXT_000,作詞,Lyrics,,
ST_Out_UI/MUSIC_TEXT_001,作曲,COMP.,,
ST_Out_UI/MYNOTE_CONNECTIONT_APPEAL,ここで、アピール音の変更ができるわよ,You can change the appeal sound effects.,,
ST_Out_UI/MYNOTE_CONNECTIONT_APPEAL_002,ステージのアピール音を変更できます,You can change the appeal sound effects on stage.,,
ST_Out_UI/MYNOTE_CONNECTION_000,詳細,Details,,
ST_Out_UI/MYNOTE_CONNECTION_001,拡大,Expand,,
ST_Out_UI/MYNOTE_CONNECTION_LESSON,レッスン場の模様替えができますよ！,You can redecorate the lesson room!,"we'll just assume this is a room or something. ""Place"" is too generic of a translation -F91",
ST_Out_UI/MYNOTE_CONNECTION_POSTER,Ｐちゃん、ポスターの変更ができるよ！,"You can change the poster on the wall, P-chan!","This looks like one of the office staffers are speaking to the player. - NG
The text seems to indicate that there is a -chan honorific. - KK
Rearranged the wording a bit -F91.",
ST_Out_UI/MYNOTE_CONNECTION_TAB_001,WALL PAPER,WALLPAPER,Removed one space in the word to make it more consistent with how wallpaper is said in English - KK,
ST_Out_UI/MYNOTE_CONNECTION_TAB_002,T-SHIRT,,,
ST_Out_UI/MYNOTE_CONNECTION_TAB_003,POSTER,,,
ST_Out_UI/MYNOTE_CONNECTION_TAB_004,APPEAL SE,,,
ST_Out_UI/MYNOTE_CONNECTION_TAB_005,TALK WINDOW,TEXT WINDOW,,
ST_Out_UI/MYNOTE_CONNECTION_WEAR,レッスン時のTシャツが変えられるで,You can change T-shirts worn during lessons.,,
ST_Out_UI/MYNOTE_CONNECTION_WEAR_002,レッスン時のTシャツを変更できます,You can change the T-shirt used during lessons.,,
ST_Out_UI/MYNOTE_CONNECTION_WINDOW,会話ウィンドウのデザインを変更できる,You can change the appearance of the dialogue window.,,
ST_Out_UI/MYNOTE_TAB_000,P STATUS,,,
ST_Out_UI/MYNOTE_TAB_001,P SKILL,P-SKILL,"Changed to ""P-SKILL"" to make it more consistent with the ""P-SKILL UNLOCKED"" message. - KK",
ST_Out_UI/MYNOTE_TAB_002,RECORD,,,
ST_Out_UI/MYNOTE_TITLE_000,STYLE SELECT,,,
ST_Out_UI/NAME_INPUT_000,名前入力,Name Entry,,
ST_Out_UI/NAME_INPUT_001,決定して次へ,Continue,,
ST_Out_UI/NAME_INPUT_003,プロデューサー名を入力してください,Please enter a producer name,,
ST_Out_UI/NAME_INPUT_004,ユニット名を入力してください,Please enter a unit name,,
ST_Out_UI/OPTION_CATEGORY_COMMU_001,選択肢切替（左）,Switch Options (Left),,
ST_Out_UI/OPTION_CATEGORY_COMMU_002,選択肢切替（右）,Switch Options (Right),,
ST_Out_UI/OPTION_CATEGORY_COMMU_003,選択肢（左）,Choices (Left),,
ST_Out_UI/OPTION_CATEGORY_GRAPHICDIT_001,ウィンドウ,Windowed,,
ST_Out_UI/OPTION_CATEGORY_GRAPHICDIT_002,フルスクリーン,Fullscreen,,
ST_Out_UI/OPTION_CATEGORY_GRAPHICDIT_003,仮想フルスクリーン,Borderless Fullscreen,,
ST_Out_UI/OPTION_CATEGORY_GRAPHICDIT_004,可変,Variable,,
ST_Out_UI/OPTION_CATEGORY_GRAPHICDIT_005,低,Low,,
ST_Out_UI/OPTION_CATEGORY_GRAPHICDIT_006,中,Medium,,
ST_Out_UI/OPTION_CATEGORY_GRAPHICDIT_007,高,High,,
ST_Out_UI/OPTION_CATEGORY_GRAPHICDIT_008,レイトレース,Raytraced,,
ST_Out_UI/OPTION_CATEGORY_GRAPHICDIT_009,OFF,OFF,,
ST_Out_UI/OPTION_CATEGORY_GRAPHICDIT_010,ON,ON,,
ST_Out_UI/OPTION_CATEGORY_GRAPHICDIT_011,近,Near,,
ST_Out_UI/OPTION_CATEGORY_GRAPHICDIT_012,遠,Far,,
ST_Out_UI/OPTION_CATEGORY_GRAPHICDIT_013,DirectX11,DirectX 11,,
ST_Out_UI/OPTION_CATEGORY_GRAPHICDIT_014,DirectX12,DirectX 12,,
ST_Out_UI/OPTION_CATEGORY_GRAPHIC_001,画面解像度,Screen Resolution,,
ST_Out_UI/OPTION_CATEGORY_GRAPHIC_002,スクリーンモード,Screen Mode,,
ST_Out_UI/OPTION_CATEGORY_GRAPHIC_003,最大フレームレート,Max Framerate,,
ST_Out_UI/OPTION_CATEGORY_GRAPHIC_004,アンチエイリアス品質,Anti-Aliasing Quality,,
ST_Out_UI/OPTION_CATEGORY_GRAPHIC_005,内部解像度,Supersampling (%),,
ST_Out_UI/OPTION_CATEGORY_GRAPHIC_006,シャドウ品質,Shadow Quality,,
ST_Out_UI/OPTION_CATEGORY_GRAPHIC_007,垂直同期(VSync),Vertical Sync (VSync),,
ST_Out_UI/OPTION_CATEGORY_GRAPHIC_008,被写界深度品質,Depth of Field Quality,,
ST_Out_UI/OPTION_CATEGORY_GRAPHIC_009,LOD距離,LOD Distance,,
ST_Out_UI/OPTION_CATEGORY_GRAPHIC_010,リフレクション,Reflections,,
ST_Out_UI/OPTION_CATEGORY_GRAPHIC_011,DirectXバージョン,DirectX Version,,
ST_Out_UI/OPTION_CATEGORY_KEY_001,決定,Select,,
ST_Out_UI/OPTION_CATEGORY_KEY_002,キャンセル,Cancel,,
ST_Out_UI/OPTION_CATEGORY_KEY_003,カーソル移動（上）,Cursor Navigation (Up),,
ST_Out_UI/OPTION_CATEGORY_KEY_004,カーソル移動（下）,Cursor Navigation (Down),,
ST_Out_UI/OPTION_CATEGORY_KEY_005,カーソル移動（左）,Cursor Navigation (Left),,
ST_Out_UI/OPTION_CATEGORY_KEY_006,カーソル移動（右）,Cursor Navigation (Right),,
ST_Out_UI/OPTION_CATEGORY_KEY_007,タブ切替（左）,Switch Tabs (Left),,
ST_Out_UI/OPTION_CATEGORY_KEY_008,タブ切替（右）,Switch Tabs (Right),,
ST_Out_UI/OPTION_CATEGORY_KEY_009,カメラ移動/モデル移動,Camera/Model Movement,,
ST_Out_UI/OPTION_CATEGORY_KEY_011,システムメニューを開く,System Menu,,
ST_Out_UI/OPTION_CATEGORY_KEY_012,アイテム/ステージスタート,Item/Stage Start,,
ST_Out_UI/OPTION_CATEGORY_KEY_013,メニューを開く,Open Menu,,
ST_Out_UI/OPTION_CATEGORY_KEY_014,アイテム/ステージスタート,Item/Stage Start,,
ST_Out_UI/OPTION_CATEGORY_KEY_015,台詞送り,Dialogue Feed,,
ST_Out_UI/OPTION_CATEGORY_KEY_016,キャンセル,Cancel,,
ST_Out_UI/OPTION_CATEGORY_KEY_017,選択肢（上）,Choices (Above),,
ST_Out_UI/OPTION_CATEGORY_KEY_018,選択肢（下）,Choices (Below),,
ST_Out_UI/OPTION_CATEGORY_KEY_019,UI非表示,Hide UI,,
ST_Out_UI/OPTION_CATEGORY_KEY_Da_001,↑,↑,,
ST_Out_UI/OPTION_CATEGORY_KEY_Da_002,→,→,,
ST_Out_UI/OPTION_CATEGORY_KEY_Da_003,←,←,,
ST_Out_UI/OPTION_CATEGORY_KEY_Da_004,↓,↓,,
ST_Out_UI/OPTION_CATEGORY_KEY_Da_005,決めポーズ１,Pose 1,,
ST_Out_UI/OPTION_CATEGORY_KEY_Da_006,決めポーズ２,Pose 2,,
ST_Out_UI/OPTION_CATEGORY_KEY_Da_007,決めポーズ３,Pose 3,,
ST_Out_UI/OPTION_CATEGORY_KEY_Da_008,決めポーズ４,Pose 4,,
ST_Out_UI/OPTION_CATEGORY_KEY_Vi_001,表情指示１,Expression 1,,
ST_Out_UI/OPTION_CATEGORY_KEY_Vi_002,表情指示２,Expression 2,,
ST_Out_UI/OPTION_CATEGORY_KEY_Vi_003,表情指示３,Expression 3,,
ST_Out_UI/OPTION_CATEGORY_KEY_Vi_004,表情指示４,Expression 4,,
ST_Out_UI/OPTION_CATEGORY_KEY_Vi_005,ポーズ指示１,Pose instruction 1,These might need to be checked in-game to see what exactly they do.  Naming is too similar to 444-447. -NG,
ST_Out_UI/OPTION_CATEGORY_KEY_Vi_006,ポーズ指示２,Pose instruction 2,,
ST_Out_UI/OPTION_CATEGORY_KEY_Vi_007,ポーズ指示３,Pose instruction 3,,
ST_Out_UI/OPTION_CATEGORY_KEY_Vi_008,ポーズ指示４,Pose instruction 4,,
ST_Out_UI/OPTION_CATEGORY_KEY_Vi_009,特別な演技指示１,Special acting instructions 1,,
ST_Out_UI/OPTION_CATEGORY_KEY_Vi_010,特別な演技指示２,Special acting instructions 2,,
ST_Out_UI/OPTION_CATEGORY_KEY_Vo_001,発声１,Vocalization 1,,
ST_Out_UI/OPTION_CATEGORY_KEY_Vo_002,発声２,Vocalization 2,,
ST_Out_UI/OPTION_CATEGORY_KEY_Vo_003,発声３,Vocalization 3,,
ST_Out_UI/OPTION_CATEGORY_KEY_Vo_004,発声４,Vocalization 4,,
ST_Out_UI/OPTION_CATEGORY_KEY_Vo_005,ブレス１,Breath 1,,
ST_Out_UI/OPTION_CATEGORY_KEY_Vo_006,ブレス２,Breath 2,,
ST_Out_UI/OPTION_CATEGORY_KEY_Vo_007,音階変化 上,Scale Up,,
ST_Out_UI/OPTION_CATEGORY_KEY_Vo_008,音階変化 下,Scale Down,,
ST_Out_UI/OPTION_CATEGORY_LIVE_001,1st（5人編成時）,1st (When using Quintet),,
ST_Out_UI/OPTION_CATEGORY_LIVE_002,2nd（5人編成時）,2nd (When using Quintet),,
ST_Out_UI/OPTION_CATEGORY_LIVE_003,3rd（5人編成時）,3rd (When using Quintet),,
ST_Out_UI/OPTION_CATEGORY_LIVE_004,4th（5人編成時）,4th (When using Quintet),,
ST_Out_UI/OPTION_CATEGORY_LIVE_005,5th（5人編成時）,5th (When using Quintet),,
ST_Out_UI/OPTION_CATEGORY_LIVE_006,ユニゾンアピール使用アイドル変更→,Change idol for Unison Appeal→,Initial clearity pass. -NG 10/21/2021,
ST_Out_UI/OPTION_CATEGORY_LIVE_007,ユニゾンアピール使用アイドル変更←,Change idol for Unison Appeal←,,
ST_Out_UI/OPTION_CATEGORY_LIVE_009,ユニゾンチャージ,Unison Charge,,
ST_Out_UI/OPTION_CATEGORY_LIVE_011,クライマックスアピール,Climax Appeal,,
ST_Out_UI/OPTION_CATEGORY_LIVE_012,思い出アピール,Memory Appeal,,
ST_Out_UI/OPTION_CATEGORY_LIVE_013,ユニゾンチャージを減らす,Reduce Unison Charge,,
ST_Out_UI/OPTION_CATEGORY_PHOTO_001,ターゲット切替↑/カーソル移動↑,Target Switch ↑/Move Cursor ↑,,
ST_Out_UI/OPTION_CATEGORY_PHOTO_002,ターゲット切替↓/カーソル移動↓,Target Switch ↓/Move Cursor ↓,,
ST_Out_UI/OPTION_CATEGORY_PHOTO_003,ターゲット切替←/カーソル移動←,Target Switch ←/Move Cursor ←,,
ST_Out_UI/OPTION_CATEGORY_PHOTO_004,ターゲット切替→/カーソル移動→,Target Switch →/Move Cursor →,,
ST_Out_UI/OPTION_CATEGORY_PHOTO_005,位置リセット,Reset Position,,
ST_Out_UI/OPTION_CATEGORY_PHOTO_006,ロール/ズームリセット,Reset Roll/Zoom,,
ST_Out_UI/OPTION_CATEGORY_PHOTO_007,フォトモード終了ダイアログ,Exit Photo Mode,,
ST_Out_UI/OPTION_CATEGORY_PHOTO_008,高解像度モード,High Resolution Mode,,
ST_Out_UI/OPTION_CATEGORY_PHOTO_009,カメラ操作切替/タブ切替（左）,Camera Operation/Tab Switching (Left),,
ST_Out_UI/OPTION_CATEGORY_PHOTO_013,効果・フレーム切替/初期値に戻す,Switch Frame or Effect/Reset Settings,,
ST_Out_UI/OPTION_CATEGORY_PHOTO_014,設定メニュー呼び出し/閉じる,Open/Close Settings,,
ST_Out_UI/OPTION_CATEGORY_PHOTO_015,ガイドON/OFF/決定,Enable/Disable Guide,,
ST_Out_UI/OPTION_CATEGORY_PHOTO_016,カメラモード切替/閉じる,Switch Camera Mode/Close,"This may need to be checked, whether it's consistent with S4U_018 (Line 507) or not - KK",
ST_Out_UI/OPTION_CATEGORY_S4U_001,カメラ切替↑（UP CAM/CAM1),Camera switch↑（UP CAM/CAM1),,
ST_Out_UI/OPTION_CATEGORY_S4U_002,カメラ切替↓（LONG CAM/CAM4),Camera switch↓（LONG CAM/CAM4),,
ST_Out_UI/OPTION_CATEGORY_S4U_003,カメラ切替←（MID CAM/CAM2),Camera switch←（MID CAM/CAM2),,
ST_Out_UI/OPTION_CATEGORY_S4U_004,カメラ切替→（AUTO CAM/CAM3),Camera switch→（AUTO CAM/CAM3),,
ST_Out_UI/OPTION_CATEGORY_S4U_005,1stアイドル注目（5人編成時）,1st Idol Spotlight,"These may need to be checked - KK
Trimmed this down to fix overflow.  Despite what the original line says, these commands are not Quintet specific. -NG 11/28/2021",
ST_Out_UI/OPTION_CATEGORY_S4U_006,2ndアイドル注目（5人編成時）,2nd Idol Spotlight,,
ST_Out_UI/OPTION_CATEGORY_S4U_007,3rdアイドル注目（5人編成時）,3rd Idol Spotlight,,
ST_Out_UI/OPTION_CATEGORY_S4U_008,4thアイドル注目（5人編成時）,4th Idol Spotlight,,
ST_Out_UI/OPTION_CATEGORY_S4U_009,5thアイドル注目（5人編成時）,5th Idol Spotlight,,
ST_Out_UI/OPTION_CATEGORY_S4U_010,予約（カメラ切替時アイドル注目）/解除,Enable/Disable Camera Controls,-NG 11/28/2021,
ST_Out_UI/OPTION_CATEGORY_S4U_011,アングル↑,Angle ↑,,
ST_Out_UI/OPTION_CATEGORY_S4U_012,アングル↓,Angle ↓,,
ST_Out_UI/OPTION_CATEGORY_S4U_013,アングル←,Angle ←,,
ST_Out_UI/OPTION_CATEGORY_S4U_014,アングル→,Angle →,,
ST_Out_UI/OPTION_CATEGORY_S4U_015,UI非表示,Hide UI,,
ST_Out_UI/OPTION_CATEGORY_S4U_016,フォトモード,Photo Mode,,
ST_Out_UI/OPTION_CATEGORY_S4U_017,PAUSE,Pause,Made this lowercase to be more consistent with the rest of the game option strings.,
ST_Out_UI/OPTION_CATEGORY_S4U_018,カメラモード切替,Switch Camera Mode,,
ST_Out_UI/OPTION_CATEGORY_S4U_019,ユニゾンアピール使用アイドル変更,Switch Idol for Unison Appeal,,
ST_Out_UI/OPTION_CATEGORY_S4U_020,（ホールド）CUSTOM　SETTING1,(Hold) CUSTOM SETTING 1,,
ST_Out_UI/OPTION_CATEGORY_S4U_021,（ホールド）CUSTOM　SETTING2,(Hold) CUSTOM SETTING 2,,
ST_Out_UI/OPTION_CATEGORY_S4U_026,ユニゾンアピール使用アイドル変更→,Switch Idol for Unison Appeal→,,
ST_Out_UI/OPTION_CATEGORY_S4U_027,ユニゾンアピール使用アイドル変更←,Switch Idol for Unison Appeal←,,
ST_Out_UI/OPTION_CATEGORY_S4U_028,CUSTOM発動1（SETTING1 SET1）,,,
ST_Out_UI/OPTION_CATEGORY_S4U_029,CUSTOM発動2（SETTING1 SET2）,,,
ST_Out_UI/OPTION_CATEGORY_S4U_030,CUSTOM発動3（SETTING1 SET3）,,,
ST_Out_UI/OPTION_CATEGORY_S4U_031,CUSTOM発動4（SETTING1 SET4）,,,
ST_Out_UI/OPTION_CATEGORY_S4U_032,CUSTOM発動5（SETTING2 SET5）,,,
ST_Out_UI/OPTION_CATEGORY_S4U_033,CUSTOM発動6（SETTING2 SET6）,,,
ST_Out_UI/OPTION_CATEGORY_S4U_034,CUSTOM発動7（SETTING2 SET7）,,,
ST_Out_UI/OPTION_CATEGORY_S4U_035,CUSTOM発動8（SETTING2 SET8）,,,
ST_Out_UI/OPTION_HELP_GRAPHIC_001,画面の解像度を設定します。,Changes the screen resolution.,,
ST_Out_UI/OPTION_HELP_GRAPHIC_002,画面をフルスクリーンにするかウインドウにするかを設定します。,Changes the display mode.,Changed this to just display mode.  It doesn't make sense to list fullscreen as an option at the moment since we know its currently broken/disabled as of version 1.00. -NG,
ST_Out_UI/OPTION_HELP_GRAPHIC_003,1秒間に絵を描画する際の最大回数を設定します。,Limits the maximum framerate.,Shortened this to make it easier to understand what it does. -NG,
ST_Out_UI/OPTION_HELP_GRAPHIC_004,アンチエイリアスの品質を設定します。,Changes the anti-aliasing quality.,,
ST_Out_UI/OPTION_HELP_GRAPHIC_005,内部解像度を設定します。,Changes the internal resolution to be higher for better anti-aliasing.,,
ST_Out_UI/OPTION_HELP_GRAPHIC_006,影の品質を設定します。,Changes the shadow quality.,,
ST_Out_UI/OPTION_HELP_GRAPHIC_007,垂直同期(VSync)の有効無効を設定します。,Changes whether Vertical Sync (VSync) is enabled or not.,,
ST_Out_UI/OPTION_HELP_GRAPHIC_008,被写界深度の品質を設定します。,Changes Depth of Field quality.,Shortened the sentence to clean up the grammar a little. -NG,
ST_Out_UI/OPTION_HELP_GRAPHIC_009,LevelOfDetailがかかる距離を設定します。,Changes the distance Level of Detail models will be applied.,,
ST_Out_UI/OPTION_HELP_GRAPHIC_010,映り込みの品質を設定します。,Changes reflection quality.,Shortened the sentence to clean up the grammar a little. -NG,
ST_Out_UI/OPTION_HELP_GRAPHIC_011,使用するDirectXのバージョンを設定します。,Changes the DirectX version to be used.,,
ST_Out_UI/OPTION_KEY_TAB_001,COMMON,COMMON,,
ST_Out_UI/OPTION_KEY_TAB_004,S4U,S4U,,
ST_Out_UI/OPTION_KEY_TAB_005,PHOTO,PHOTO,,
ST_Out_UI/OPTION_TAB_001,"Vo.
LESSON","Voice
LESSONS",May need to be checked for overflow issues - KK,
ST_Out_UI/OPTION_TAB_002,"Da.
LESSON","Dance
LESSONS",,
ST_Out_UI/OPTION_TAB_003,"Vi.
LESSON","Acting
LESSONS",,
ST_Out_UI/OPTION_TEXT_001,"音に合わせて{0}を押してください。
10回入力後に設定が設定されます。","Press {0} in rhythm with the sound.
The timings will be adjusted after 10 inputs.",,
ST_Out_UI/OPTION_TEXT_003,回,x,,
ST_Out_UI/OPTION_TEXT_004,現在の値でタイミングが調整されています。,The timing is adjusted using the current value.,,
ST_Out_UI/OPTION_TEXT_005,左右の入力で変更もできます。,You can also adjust it by moving it left or right.,,
ST_Out_UI/OPTION_TEXT_006,初期化,Reset,,
ST_Out_UI/OPTION_TEXT_007,終了,Close,,
ST_Out_UI/OPTION_TEXT_008,試聴,Test,,
ST_Out_UI/OPTION_TEXT_009,削除,Delete,,
ST_Out_UI/ORDER_BONUS_000,{0}人,{0} idol(s),"人 just translates out to people.  This needs to found in-game to determine context. -NG
It's used in S4U for the headcount, it might be better to replace ""people"" with ""idols""? -Foas  Changed to members per recommendations from Foas and KingKrouch. -NG
Changed to idol(s). -NG 10/20/2021",
ST_Out_UI/ORDER_FANTARGET_000,ファン人数指標,Fan Population Index,,
ST_Out_UI/ORDER_FANTARGET_001,残り必要ファン人数,Fans Left,Changed from Remaining Fans Required to be less redundant and overflowy - KK,
ST_Out_UI/ORDER_FANTARGET_005,期間,From,Going to change this and hope it doesn't create any awkward wordings since I think this is only used in the producer results screen -F91,
ST_Out_UI/ORDER_FANTARGET_STAGE_001,週末ステージ１,Weekend Stage 1,,
ST_Out_UI/ORDER_FANTARGET_STAGE_002,週末ステージ２,Weekend Stage 2,,
ST_Out_UI/ORDER_FANTARGET_STAGE_003,週末ステージ３,Weekend Stage 3,,
ST_Out_UI/ORDER_FANTARGET_STAGE_004,週末ステージ４,Weekend Stage 4,,
ST_Out_UI/ORDER_FANTARGET_STAGE_005,平日ステージ,Weekday Stage,,
ST_Out_UI/ORDER_STAGE_000,月間条件２,Monthly Condition 2,,
ST_Out_UI/ORDER_STAGE_001,ステージ選考,Stage Selection,,
ST_Out_UI/ORDER_STAGE_002,開催日,Date,,
ST_Out_UI/ORDER_STAGE_003,参加人数,Members,"Character overflow.
Ommiting 2nd word -F91",
ST_Out_UI/ORDER_STAGE_004,課題曲,Song,"Don't think the actual translation of ""assigned song"" will fit here, so song should do just fine with getting the point accross.
This is used in displaying the song that you are forced to play at the end of the month",
ST_Out_UI/ORDER_STAGE_006,自由選択,Free Select,,
ST_Out_UI/ORDER_STAGE_007,合宿後に改めて検討予定,Schedule will resume after training camp,,
ST_Out_UI/ORDER_STAGE_008,参加ステージ,,,
ST_Out_UI/ORDER_STAGE_009,最終ステージ,Final Stage,,
ST_Out_UI/ORDER_TEXT_000,獲得ファン人数,Fans Acquired,,
ST_Out_UI/ORDER_TEXT_001,月間条件１,Monthly Condition 1,,
ST_Out_UI/ORDER_TEXT_002,新規獲得,New Fan Acquisition,adding a subject so this phrase doesnt sound so awkward -F91,
ST_Out_UI/ORDER_TEXT_003,進捗,Progress,,
ST_Out_UI/ORDER_TITLE_000,O,,,
ST_Out_UI/ORDER_TITLE_001,RDER,,,
ST_Out_UI/ORDER_TITLE_002,{0}月選考条件,{0} Month Selection Conditions,Slightly shorter than {0}Month Selection Requirements -NG,
ST_Out_UI/Option_CategoryInfo_001,楽曲の音量を調整します。,Adjusts BGM volume.,Shortened the sentence to clean up grammar. -NG,
ST_Out_UI/Option_CategoryInfo_002,ボイスの音量を調整します。,Adjusts character voice volume.,Shortened the sentence to clean up grammar. -NG,
ST_Out_UI/Option_CategoryInfo_003,SEの音量を調整します。,Adjusts Sound Effect volume.,,
ST_Out_UI/Option_CategoryInfo_004,ステージ中のボーカルの音量を調整します。,Adjusts the volume of the vocals during the stage.,I can't seem to find this description anywhere in the options menu.  This might be unused.  -NG,
ST_Out_UI/Option_CategoryInfo_005,歓声の音量を調整します。,Adjusts audience volume.,Shortened the sentence to clean up grammar. -NG,
ST_Out_UI/Option_CategoryInfo_006,サラウンド音響効果を設定します。お使いの機器によっては最適なバランスになります。,"Sets the surround sound effect. Depending on your equipment, this may be the optimal balance.","The settings for this option will need to be checked to figure out what ""effect"" is referring to. -NG",
ST_Out_UI/Option_CategoryInfo_007,振動機能の設定を行います。,Set the vibration function.,,
ST_Out_UI/Option_CategoryInfo_011,アンコールや「S4U!」のステージでの楽曲タイトルの表示を設定します。,"Sets the display of the song title for encore and ""S4U!"" stages.",,
ST_Out_UI/Option_CategoryInfo_012,アンコールや「S4U!」のステージでの歌詞の表示を設定します。,"Sets the display of lyrics for encore and ""S4U!"" stages.",,
ST_Out_UI/Option_CategoryInfo_013,アンコールや「S4U!」のステージ開始時のカメラを設定します。,"Set the camera for encore and the start of the ""S4U!"" stage.",,
ST_Out_UI/Option_CategoryInfo_014,アンコールや「S4U!」のステージ開始時の選択アイドルを設定します。,"Set the idol to be selected when the encore or ""S4U!"" stage starts.",,
ST_Out_UI/Option_CategoryInfo_015,コミュのスキップを行う際に確認を行います。,Confirmation is given when skipping a comm.,,
ST_Out_UI/Option_CategoryInfo_016,リハーサル（手動設定）,Timing Calibration,,
ST_Out_UI/Option_CategoryInfo_017,現在の設定,Current Setting,,
ST_Out_UI/Option_CategoryInfo_018,ステージ終了後にアンコールを行うか設定します。,Sets whether encores are done after stages.,,
ST_Out_UI/Option_CategoryInfo_019,プロデューサー名の変更を行います。,Change the Producer's name.,,
ST_Out_UI/Option_CategoryInfo_020,ボイス設定,Voice Test,,
ST_Out_UI/Option_CategoryInfo_021,リバーブ効果の強さを変更します。 ※ライブシーンのみに影響します,Changes the intensity of reverb effects. ※ Only affects Live segments.,,
ST_Out_UI/Option_CategoryInfo_022,リバーブ効果にヘッドフォン向けのサラウンド効果を付与します。,Gives the reverb effects spatialization when using headphones.,"This may need to be checked for in-game accuracy between the option name and what it does. - KK
Looks like this turns on reverb for all live gameplay segments and S4U if using headphones, regardless of if the stage actually supports it. -NG",
ST_Out_UI/Option_CategoryInfo_023,アンコールや「S4U!」のステージシーンでのステージガイドの表示を設定します。,"Sets the display of the stage guide for encore and ""S4U!"" stage scenes.",,
ST_Out_UI/Option_CategoryInfo_024,ステージ中のBGM、ボーカルの音量を調整します。,Adjusts on-stage BGM and vocal volume.,"Changed ""Changes"" to ""Adjusts"".  Will make a second pass on this to make the sentence a little less awkward. -NG",
ST_Out_UI/Option_CategoryInfo_025,汗の表現を行うか設定します。,Toggles sweat visibility.,Shortened and re-arranged the sentence a little. -NG,
ST_Out_UI/Option_CategoryInfo_026,アンコールや「S4U!」のステージ開始時のカメラアングルを設定します。,"Set the camera angle for encore and the start of the ""S4U!"" stage.",,
ST_Out_UI/Option_CategoryInfo_027,一部ＢＧＭを「THE IDOL M@STER」のものと切り替えます。,"Changes some BGM to BGM from ""The Idolm@ster"".","This may need to be checked for translation accuracy. - KK
We should probably confirm what areas of the game are impacted by this setting.  If its just the main menu, we can probably just reword this to clearly state it only changes main menu to iM@S arcade music. -NG",
ST_Out_UI/Option_CategoryInfo_028,決定とキャンセルのボタンを切り替えることができます。,Changes the layout of Select/Cancel to a Western or Eastern layout.,,
ST_Out_UI/Option_CategoryName_001,BGM ボリューム,BGM Volume,,
ST_Out_UI/Option_CategoryName_002,ボイス ボリューム,Voice Volume,,
ST_Out_UI/Option_CategoryName_003,SE ボリューム,SE Volume,,
ST_Out_UI/Option_CategoryName_004,ボーカル ボリューム,Vocal Volume,,
ST_Out_UI/Option_CategoryName_005,歓声 ボリューム,Audience Volume,,
ST_Out_UI/Option_CategoryName_006,サラウンド音響効果の軽減,Spatial Audio Effect Reduction,,
ST_Out_UI/Option_CategoryName_007,振動機能,Vibration,,
ST_Out_UI/Option_CategoryName_008,オート思い出アピール,Automatic Memory Appeal,,
ST_Out_UI/Option_CategoryName_009,オートユニゾンアピール,Automatic Unison Appeal,,
ST_Out_UI/Option_CategoryName_010,オートクライマックスアピール,Automatic Climax Appeal,,
ST_Out_UI/Option_CategoryName_011,楽曲タイトル表示,Music Title Display,,
ST_Out_UI/Option_CategoryName_012,歌詞表示設定,Lyrics Display,,
ST_Out_UI/Option_CategoryName_013,ステージ初期カメラ,Initial Stage Camera,,
ST_Out_UI/Option_CategoryName_014,初期選択アイドル,Initial Selected Idol,,
ST_Out_UI/Option_CategoryName_015,コミュスキップの確認,Confirm COMMU Skip,,
ST_Out_UI/Option_CategoryName_016,数値が大きくなると判断タイミングが早くなります。,Timing becomes snappier with a higher number.,,
ST_Out_UI/Option_CategoryName_017,数値設定,Manual Calibration,,
ST_Out_UI/Option_CategoryName_018,アンコールスキップの確認,Confirm Encore Skip,,
ST_Out_UI/Option_CategoryName_019,プロデューサー名を変更,Change Producer Name,,
ST_Out_UI/Option_CategoryName_020,ボイスボリュームの試聴キャラクターを指定します。,Change the character used for testing the voice volume.,,
ST_Out_UI/Option_CategoryName_021,リバーブ効果の強さ,Reverb Effect Strength,,
ST_Out_UI/Option_CategoryName_022,ヘッドフォンサラウンド効果,Headphone Spatial Audio,,
ST_Out_UI/Option_CategoryName_023,ステージガイド表示,Stage Guide Display,,
ST_Out_UI/Option_CategoryName_024,ステージボリューム,Stage Volume,,
ST_Out_UI/Option_CategoryName_025,汗の表現,Sweat Visibility,,
ST_Out_UI/Option_CategoryName_026,初期カメラアングル,Initial Camera Angle,,
ST_Out_UI/Option_CategoryName_027,一部ＢＧＭ切り替え,Partial BGM Switching,"We should probably confirm what areas of the game are impacted by this setting.  If its just the main menu, we can probably just rename this to Menu Music or something similar. -NG",
ST_Out_UI/Option_CategoryName_028,決定・キャンセルボタン設定,Select/Cancel Button Setting,,
ST_Out_UI/Option_LargeCategoryInfo_003,タイミング調整をします。,Adjust input timing.,,
ST_Out_UI/Option_LargeCategory_001,システム,System,,
ST_Out_UI/Option_LargeCategory_002,サウンド,Sound,,
ST_Out_UI/Option_LargeCategory_003,モニター遅延設定,Lag Config,,
ST_Out_UI/Option_LargeCategory_004,グラフィック,Graphics,,
ST_Out_UI/Option_LargeCategory_005,キーコンフィグ,Key Config,,
ST_Out_UI/Option_LargeCategory_006,ライセンス,License,,
ST_Out_UI/Option_SelectText_001,する,Enabled,,
ST_Out_UI/Option_SelectText_002,しない,Disabled,,
ST_Out_UI/Option_SelectText_003,{0}：決定/{1}：キャンセル,{0}：Select/{1}：Cancel,,
ST_Out_UI/Option_SelectText_004,{1}：決定/{0}：キャンセル,{1}：Select/{0}：Cancel,,
ST_Out_UI/Option_SelectText_005,STARLIT SEASON,STARLIT SEASON,,
ST_Out_UI/Option_SelectText_006,THE IDOLM@STER,THE IDOLM@STER,,
ST_Out_UI/PARAMETER_HELP_001,本日レッスン活動日,Today's Lessons,"chopping ""activity"" from the end to prevent overflow -F91",
ST_Out_UI/PARAMETER_TAB_001,WEEKEND 1,WEEKEND 1,,
ST_Out_UI/PARAMETER_TAB_002,WEEKEND 2,WEEKEND 2,,
ST_Out_UI/PARAMETER_TAB_003,WEEKEND 3,WEEKEND 3,,
ST_Out_UI/PARAMETER_TAB_004,WEEKEND 4,WEEKEND 4,,
ST_Out_UI/PARAMETER_TITLE_001,T,,,
ST_Out_UI/PARAMETER_TITLE_002,ARGET,,,
ST_Out_UI/PARAMETER_TITLE_003,P,,,
ST_Out_UI/PARAMETER_TITLE_004,ARAMETER,,,
ST_Out_UI/PARAMETER_TITLE_005,推奨パラメータ,Rcmd. Params.,2 lines not possible. Sticking with heavy abbreviation,
ST_Out_UI/POPUP_TITLE_001,INFORMATION,,,
ST_Out_UI/PRODUCE_CUTIN_000,LESSON START,,,
ST_Out_UI/PRODUCE_CUTIN_001,WORK START,,,
ST_Out_UI/PSKILL_USETIME_000,レッスン,Lesson,,
ST_Out_UI/PSKILL_USETIME_001,営業,Work,,
ST_Out_UI/PSKILL_USETIME_002,営業・ステージ,Work・Stage,,
ST_Out_UI/PSKILL_USETIME_004,キズナタイム,Bonding Time,,
ST_Out_UI/RANKING_ALL_TITLE,JAPAN 47 RANKING,JAPAN 47 RANKING,,
ST_Out_UI/RANKING_INFO_000,online ID,Online ID,,
ST_Out_UI/RANKING_INFO_001,称号,Title,,
ST_Out_UI/RANKING_S4U_000,MV RANKING,MV RANKING,,
ST_Out_UI/RANKING_SCORE_TITLE,SCORE RANKING,SCORE RANKING,,
ST_Out_UI/RANKING_SHOP_INFO_000,アイドル,Idol,,
ST_Out_UI/RANKING_TEXT_000,ランクインしているデータがありません,Ranked Data is Unavailable.,,
ST_Out_UI/RANKING_TEXT_BUTTON_000,後の100位,Next 100,,
ST_Out_UI/RANKING_TEXT_BUTTON_001,前の100位,Previous 100,,
ST_Out_UI/RANKING_TEXT_BUTTON_002,自分の順位へ,Your Rank,,
ST_Out_UI/RANKING_TEXT_BUTTON_003,プロフィール,Profile,,
ST_Out_UI/RANKING_TEXT_BUTTON_004,MV再生,MV Playback,,
ST_Out_UI/RANKING_TEXT_BUTTON_005,購入,Purchase,,
ST_Out_UI/RESULT_LESSON_000,Other Members Average,,,
ST_Out_UI/RESULT_PEXP_000,プロデューサーEXP,Producer EXP.,,
ST_Out_UI/RESULT_PEXP_003,Lv UP!!,Lv. UP!!,Check whether or not this slight change causes an overflow. - KK,
ST_Out_UI/RESULT_PEXP_004,P SKILL GET,P-SKILL GET,,
ST_Out_UI/RESULT_STAGE_000,自己ベスト,Personal Best,,
ST_Out_UI/RESULT_STAGE_001,"CLIMAX
    APPEAL","CLIMAX
    APPEAL",,
ST_Out_UI/RESULT_TEXT_001,今月の獲得ファン人数,Fans Acquired This Month,,
ST_Out_UI/RESULT_TITLE_000,R,,,
ST_Out_UI/RESULT_TITLE_001,ESULT,,,
ST_Out_UI/S4ULIBRARY_INFO_000,MV INFO,MV INFO,,
ST_Out_UI/S4U_APPEAL_001,アイドルが編成されていません,Idols are not organized,,
ST_Out_UI/S4U_APPEAL_002,編成不可,Can't be organized,,
ST_Out_UI/S4U_APPEAL_005,APPEAL SETTING LIST,,,
ST_Out_UI/S4U_CUSTOM_HEDDER_000,CUSTOM LIST,,,
ST_Out_UI/S4U_CUSTOM_ICON_000,リセット,Reset,,
ST_Out_UI/S4U_CUSTOM_ICON_001,指定なし,Unspecified,,
ST_Out_UI/S4U_CUSTOM_SET_NUM_001,SET1,,,
ST_Out_UI/S4U_CUSTOM_SET_NUM_002,SET2,,,
ST_Out_UI/S4U_CUSTOM_SET_NUM_003,SET3,,,
ST_Out_UI/S4U_CUSTOM_SET_NUM_004,SET4,,,
ST_Out_UI/S4U_CUSTOM_SET_NUM_005,SET5,,,
ST_Out_UI/S4U_CUSTOM_SET_NUM_006,SET6,,,
ST_Out_UI/S4U_CUSTOM_SET_NUM_007,SET7,,,
ST_Out_UI/S4U_CUSTOM_SET_NUM_008,SET8,,,
ST_Out_UI/S4U_GUIDE_COSTUME_000,衣装を全員に反映,Apply Outfit To All,,
ST_Out_UI/S4U_GUIDE_COSTUME_001,アイドル切替,Switch Idols,,
ST_Out_UI/S4U_GUIDE_LIBRARY_000,メニュー呼び出し,Open Menu,,
ST_Out_UI/S4U_GUIDE_LIBRARY_001,全て選択,Select All,,
ST_Out_UI/S4U_GUIDE_LIBRARY_002,選択完了,Selection Complete,,
ST_Out_UI/S4U_GUIDE_LIVE_000,セーブロード,Save/Load,,
ST_Out_UI/S4U_GUIDE_MUSIC_000,歌唱アイドル,Singing Idols,,
ST_Out_UI/S4U_GUIDE_MUSIC_001,楽曲情報,Music Info,,
ST_Out_UI/S4U_GUIDE_TIPS_001,TIPS,Tips,,
ST_Out_UI/S4U_GUIDE_TOP_000,ランダム設定,Random Setting,,
ST_Out_UI/S4U_GUIDE_TOP_001,クライマックスアピール設定,Climax Appeal Setting,,
ST_Out_UI/S4U_GUIDE_UNIT_001,アピール設定確認,Appeal Settings Confirmation,,
ST_Out_UI/S4U_IDOL_HEDDER_000,IDOL LIST,IDOL LIST,,
ST_Out_UI/S4U_INFO_001,編成人数,Headcount,,
ST_Out_UI/S4U_INFO_003,ステージ,Stage,,
ST_Out_UI/S4U_INFO_TITLE_000,LIVE13,,This string is ommited from the latest Out_UI update -F91 11/25/2021,
ST_Out_UI/S4U_INFO_TITLE_001,LIVE29,,,
ST_Out_UI/S4U_INFO_TITLE_002,LIVE32,,,
ST_Out_UI/S4U_INFO_TITLE_003,MEDLEY,MEDLEY,,
ST_Out_UI/S4U_INFO_TITLE_004,SETTING INFORMATION,SETTING INFORMATION,,
ST_Out_UI/S4U_LIBRARY_GUIDE_000,選択,Choice,,
ST_Out_UI/S4U_LIBRARY_GUIDE_001,登録,Register,,
ST_Out_UI/S4U_LIBRARY_INFO_001,日付,Date,,
ST_Out_UI/S4U_LIBRARY_INFO_004,ユニット名,Unit Name,,
ST_Out_UI/S4U_LIBRARY_INFO_005,メンバー,Member,,
ST_Out_UI/S4U_LIBRARY_MENU_000,MV MENU,MV MENU,,
ST_Out_UI/S4U_LIBRARY_MENU_001,選択削除,Select and Delete,,
ST_Out_UI/S4U_LIBRARY_MENU_002,ランキング登録,Register Ranking,,
ST_Out_UI/S4U_LIBRARY_SORT_002,人数,Headcount,,
ST_Out_UI/S4U_LIBRARY_SORT_003,撮影場所,Location,,
ST_Out_UI/S4U_LIBRARY_SORT_004,昇順,Ascending,,
ST_Out_UI/S4U_LIBRARY_SORT_005,降順,Descending,,
ST_Out_UI/S4U_LIBRARY_TEXT_000,MVがありません,MV not present.,,
ST_Out_UI/S4U_LIVE_INFO_000,舞台演出,Stage Production,,
ST_Out_UI/S4U_LIVE_INFO_001,SETTING 1,SETTING 1,,
ST_Out_UI/S4U_LIVE_INFO_002,SETTING 2,SETTING 2,,
ST_Out_UI/S4U_LIVE_INFO_003,"このライブでは
使用できません","Not available
for this gig",,
ST_Out_UI/S4U_LIVE_INFO_004,スロットに設定がありません,No setting available in slot,,
ST_Out_UI/S4U_LIVE_INFO_005,このライブでは使用できません,Not available for this gig,,
ST_Out_UI/S4U_LIVE_INFO_SLOT_000,{0} SLOT {1},,,
ST_Out_UI/S4U_LIVE_INFO_UNIT_000,UNIT SETTING,,,
ST_Out_UI/S4U_LIVE_INFO_UNIT_001,LIVE13 SETTING,,This string is ommited from the latest Out_UI update -F91 11/25/2021,
ST_Out_UI/S4U_LIVE_INFO_UNIT_002,LIVE29 SETTING,,,
ST_Out_UI/S4U_LIVE_INFO_UNIT_003,LIVE32 SETTING,,,
ST_Out_UI/S4U_LIVE_INFO_UNIT_004,MEDLEY SETTING,MEDLEY SETTING,,
ST_Out_UI/S4U_LIVE_TITLE_GUIDE_001,"ライブを実行する設定を
選択してください","Confirm settings for the
live performance.",Second pass. -NG 11/28/2021 ,
ST_Out_UI/S4U_MUSIC_INFO_002,参加　{0}人,{0} Idols Needed,This isn't consistent with 546.  This looks like a rather wonky way of stating that a song is coreographed for a trio or quintet.  Need someone with the 29 or 32 idol medleys unlocked to check this in S4U. -NG,
ST_Out_UI/S4U_MUSIC_MEDLEY_000,SELECT,SELECT,,
ST_Out_UI/S4U_MUSIC_MEDLEY_001,MEDLEY SONG SETTING,MEDLEY SONG SETTING,,
ST_Out_UI/S4U_MUSIC_MEDLEY_002,楽曲の順番を設定してください,Set the song order,,
ST_Out_UI/S4U_MUSIC_SET_000,No.1,,,
ST_Out_UI/S4U_MUSIC_SET_001,No.2,,,
ST_Out_UI/S4U_MUSIC_SET_002,No.3,,,
ST_Out_UI/S4U_MUSIC_SORT_001,デフォルト,Default,,
ST_Out_UI/S4U_MUSIC_SORT_002,事務所,Office,,
ST_Out_UI/S4U_MUSIC_SORT_003,50音順,A-Z,,
ST_Out_UI/S4U_RANDOM_HEDDER_000,RANDOM,,,
ST_Out_UI/S4U_RANDOM_HEDDER_001,ランダム設定を行いたい項目にチェックを入れてください,Select item slots which you want randomized.,Check whether this translation is accurate or not. - KK,
ST_Out_UI/S4U_SAVELOAD_000,現在の編成,Current Org.,,
ST_Out_UI/S4U_SAVELOAD_003,共通設定以外をロード,Load non-common settings,"Needs QA check, and also needs to be found in S4U. -NG",
ST_Out_UI/S4U_SAVELOAD_005,スロットの削除,Delete Slot,,
ST_Out_UI/S4U_SAVE_SLOT_000,SLOT１,SLOT 1,,
ST_Out_UI/S4U_SAVE_SLOT_001,SLOT２,SLOT 2,,
ST_Out_UI/S4U_SAVE_SLOT_002,SLOT３,SLOT 3,,
ST_Out_UI/S4U_SAVE_SLOT_003,SLOT４,SLOT 4,,
ST_Out_UI/S4U_SAVE_SLOT_004,SLOT５,SLOT 5,,
ST_Out_UI/S4U_SAVE_SLOT_005,SLOT６,SLOT 6,,
ST_Out_UI/S4U_STAGE_CATEGORY_000,マークライト,Gobo Light,"So, this is one of those instances where the translation is correct, but the phrase is nonsense.  The translation produces Mark Light, however the actual term is Gobo - https://en.wikipedia.org/wiki/Gobo_(lighting)
Changed this to Gobo light since there the phrase Mark Light doesn't appear to be an actual term used by stagehands in the English speaking world, but I could be wrong. -NG -10/24/2021",
ST_Out_UI/S4U_STAGE_CATEGORY_001,モニター,Monitor,,
ST_Out_UI/S4U_STAGE_CATEGORY_002,エフェクト,Effect,,
ST_Out_UI/S4U_STAGE_CATEGORY_003,床ギミック,Floor FX,Changed Gimmick to FX to fix a text overflow bug.  Confirmed fixed. -NG,
ST_Out_UI/S4U_STAGE_CATEGORY_004,上部ギミック,Ceiling FX,,
ST_Out_UI/S4U_STAGE_CATEGORY_005,ワイプ,Wipe,,
ST_Out_UI/S4U_STAGE_CATEGORY_006,ライトカラー,Light Color,,
ST_Out_UI/S4U_STAGE_CATEGORY_007,使用可能な舞台演出,Available Stage FX,There is a very slight overflow by a couple of pixels. -NG 10/23/2021,
ST_Out_UI/S4U_STAGE_CATEGORY_008,対応楽曲,Supported Music,,
ST_Out_UI/S4U_STAGE_ICON_001,時間帯,Time of Day,Changed to time of day since time zone makes no sense.  Needs overflow check. -NG 10/23/2021,
ST_Out_UI/S4U_TITLE_000,MEMBER,,,
ST_Out_UI/S4U_TITLE_003,COSTUME,,,
ST_Out_UI/S4U_TITLE_004,CUSTOM,,,
ST_Out_UI/S4U_TITLE_005,LIBRARY,,,
ST_Out_UI/S4U_TITLE_007,OPTION,OPTIONS,,
ST_Out_UI/S4U_TITLE_008,LIVE,,,
ST_Out_UI/S4U_TITLE_009,SAVE LOAD,,,
ST_Out_UI/S4U_TITLE_010,STAGE FOR YOU!,,,
ST_Out_UI/S4U_TOP_MENU_003,COSTUME,,,
ST_Out_UI/S4U_UNIT_000,実行不可メンバー,Non-executable member,Can't seem to find this in S4U. -NG,
ST_Out_UI/S4U_UNIT_002,ユニゾン,Unison,,
ST_Out_UI/SAVE_PLACE_004,CLEAR DATA,,,
ST_Out_UI/SAVE_PLACE_005,EPILOGUE DATA,,,
ST_Out_UI/SAVE_TEXT_000,プレイ時間,Play Time,,
ST_Out_UI/SAVE_TEXT_003,Story,,,
ST_Out_UI/SAVE_TEXT_004,Slot,,,
ST_Out_UI/SAVE_TEXT_005,AUTO,,,
ST_Out_UI/SAVE_TEXT_007,{0}月{1}日({2}),{0}/{1}({2}),,
ST_Out_UI/SCHEDULE_TAB_000,CALENDAR,,,
ST_Out_UI/SCHEDULE_TAB_002,TASK,TASKS,,
ST_Out_UI/SHOP_APPEAL_000,習得アピールの選択,Select an appeal to learn.,Will need QA and overflow check. -NG 10/31/2021,
ST_Out_UI/SHOP_APPEAL_001,習得アイドルの選択,Select an idol to learn a skill.,,
ST_Out_UI/SHOP_APPEAL_002,アピール習得状況,Appeal mastery status,,
ST_Out_UI/SHOP_APPEAL_003,"ポテンシャルに空きがありません。
入れ替えるアピールを選択してください。","There is no space in the potential.
Please select the appeal to replace.",Need to rework this.  -NG 10/31/2021,
ST_Out_UI/SHOP_APPEAL_005,アピールリスト,Appeal List,,
ST_Out_UI/SHOP_APPEAL_006,必要マニー,Money Cost,,
ST_Out_UI/SHOP_APPEAL_007,ポテンシャル,Potential,,
ST_Out_UI/SHOP_APPEAL_008,要入替,Replacement Required,Need QA and overflow check. -NG,
ST_Out_UI/SHOP_APPEAL_009,習得済,Mastered,"Shortened to just Mastered.  Game is shrinking font to accomodate text, and ""Already Mastered"" is rendered at an absurdly small size that is barely readable at 4K, and impossible to read at 1080p. -NG 10/21/2021",
ST_Out_UI/SHOP_APPEAL_012,入替不可,Cannot be Replaced,,
ST_Out_UI/SHOP_BUTTON_000,店を出る,Leave Store,"Shortened to ""Leave Store"". Check if anything else uses this, and if not, just shorten to leave. - KK",
ST_Out_UI/SHOP_BUTTON_001,メンバーズカード,Member's Card,,
ST_Out_UI/SHOP_BUTTON_002,出る,Leave,"Check whether this translation is accurate or not. - KK
According to Jisho, its correct. -NG 10/31/2021",
ST_Out_UI/SHOP_BUTTON_003,購入,Buy,,
ST_Out_UI/SHOP_CARD_000,全商品が{0}％割引,{0}% discount,Changed to just discount to fix an overflow bug. -NG,
ST_Out_UI/SHOP_CARD_001,次のクラスまであと,To next class,we'll need to dumb down this description due to overflow and hope the player understands they need to spend more to chanage the value here -F91,
ST_Out_UI/SHOP_CARD_002,MEMBER'S CARD,MEMBER'S CARD,,
ST_Out_UI/SHOP_CARD_003,NEXT CLASS,NEXT CLASS,,
ST_Out_UI/SHOP_CARD_CLASS_000,{0}クラス,{0} Class,,
ST_Out_UI/SHOP_CARD_NEXTCLASS_000,ブロンズ,Bronze,,
ST_Out_UI/SHOP_CARD_NEXTCLASS_001,シルバー,Silver,,
ST_Out_UI/SHOP_CARD_NEXTCLASS_002,ゴールド,Gold,,
ST_Out_UI/SHOP_CARD_NEXTCLASS_003,プラチナ,Platinum,,
ST_Out_UI/SHOP_CARD_NEXTCLASS_004,ブラック,Black,,
ST_Out_UI/SHOP_CARD_NEXTCLASS_005,レインボー,Rainbow,,
ST_Out_UI/SHOP_DRESS_000,発注済,Purchased,,
ST_Out_UI/SHOP_DUO_000,整理中,Under Arrangement,,
ST_Out_UI/SHOP_DUO_001,RED SEED,RED SEED,,
ST_Out_UI/SHOP_DUO_002,BLUE SEED,BLUE SEED,,
ST_Out_UI/SHOP_DUO_003,YELLOW SEED,YELLOW SEED,,
ST_Out_UI/SHOP_DUO_004,GREEN SEED,GREEN SEED,,
ST_Out_UI/SHOP_DUO_005,RAINBOW SEED,RAINBOW SEED,,
ST_Out_UI/SHOP_DUO_006,POWER DRINK,POWER DRINK,,
ST_Out_UI/SHOP_DUO_007,TICKET,TICKET,,
ST_Out_UI/SHOP_HEALING_000,LESSON ITEM,LESSON ITEM,,
ST_Out_UI/SHOP_HEALING_001,WORK ITEM,WORK ITEM,,
ST_Out_UI/SHOP_HEALING_002,STAGE ITEM,STAGE ITEM,,
ST_Out_UI/SHOP_HEALING_003,AROMA CANDLE,AROMA CANDLE,,
ST_Out_UI/SHOP_HEALING_004,O2 CHARGE,O2 CHARGE,,
ST_Out_UI/SHOP_HEALING_005,HONEY,HONEY,,
ST_Out_UI/SHOP_HEALING_006,SINGLE CANDY,SINGLE CANDY,,
ST_Out_UI/SHOP_HEALING_007,CHOCOLATE,CHOCOLATE,,
ST_Out_UI/SHOP_HEALING_008,MIX CANDY,MIX CANDY,,
ST_Out_UI/SHOP_HEALING_009,COOKIE,COOKIE,,
ST_Out_UI/SHOP_HEALING_010,CHARM,CHARM,,
ST_Out_UI/SHOP_ITEM_000,所持数,INV. Count,"Abridged from Inventory Count to fix overflow issues.
May need to change this to something generic like ""total"". -F91",
ST_Out_UI/SHOP_ITEM_001,残数,Remaining,,
ST_Out_UI/SHOP_ITEM_002,"購入
不可","CAN'T
BUY","Setting it to ""Purchase Unavailable"", causes an overflow issue. ""N/A"" could also be an alternative.",
ST_Out_UI/SHOP_ITEM_004,所持マニー,Current Money,,
ST_Out_UI/SHOP_TRIAL_000,ユニット名変更,Edit Unit Name,"shortening this from ""change"" to ""edit"" to prevent overflow in the Trial Gate screen -F91",
ST_Out_UI/SHOP_TRIAL_004,報酬,Reward,,
ST_Out_UI/SHOP_TRIAL_005,準備中,Preparation,,
ST_Out_UI/SHOP_TRIAL_ICON_000,EASY,EASY,,
ST_Out_UI/SHOP_TRIAL_ICON_001,NORMAL,NORMAL,,
ST_Out_UI/SHOP_TRIAL_ICON_003,EXPERT,EXPERT,,
ST_Out_UI/SHOP_TRIAL_MENU_000,アピール,Appeal,,
ST_Out_UI/SHOP_TRIAL_MENU_001,団結,Unity,,
ST_Out_UI/SHOP_TRIAL_MENU_002,シード,Seed,,
ST_Out_UI/SHOP_TRIAL_MENU_003,アピールEXPを獲得,Gain Appeal EXP,,
ST_Out_UI/SHOP_TRIAL_MENU_004,団結ポイントを獲得,Earn Unity Points,,
ST_Out_UI/SHOP_TRIAL_MENU_005,シードアイテムを獲得,Earn Seed Items,,
ST_Out_UI/SHOP_TRIAL_MENU_006,トライアル,Trial,,
ST_Out_UI/SHOP_TRIAL_SCORE_000,ランキング,Ranking,,
ST_Out_UI/SHOP_TRIAL_SCORE_001,プロデューサーたちと、スコアランキングを競う！！,Compete with other producers for the top score!!,,
ST_Out_UI/SHOP_TRIAL_SCORE_002,なし,N/A,N/A makes more sense than none here,
ST_Out_UI/SHOP_TRIAL_TAB_001,TREASURE,TREASURE,,
ST_Out_UI/SNS_TAB_000,NEW,NEW,,
ST_Out_UI/SNS_TEXT_001,写真を見る,View Photos,,
ST_Out_UI/SNS_TEXT_002,STAFF,STAFF,,
ST_Out_UI/STAFFROLL_CREDIT_001,Produced by,Produced by,,
ST_Out_UI/STAFFROLL_CREDIT_002,株式会社バンダイナムコエンターテインメント,BANDAI NAMCO Entertainment Inc.,,
ST_Out_UI/STAGE_BONUS_DIAMANT_001,"STAGE FOR YOU!にて、アイドル
『亜弥』を開放",Aya is now available in STAGE FOR YOU!,Initial grammar cleanup.  Needs to be checked to see how big these message boxes are. -NG 10/21/2021,
ST_Out_UI/STAGE_BONUS_DIAMANT_002,"STAGE FOR YOU!にて、アイドル
『玲音』を開放",Leon is now available in STAGE FOR YOU!,Initial grammar cleanup.  Needs to be checked to see how big these message boxes are. -NG 10/21/2021,
ST_Out_UI/STAGE_BONUS_DIAMANT_003,"STAGE FOR YOU!にて、アイドル
『詩花』を開放",Shika is now available in STAGE FOR YOU!,Initial grammar cleanup.  Needs to be checked to see how big these message boxes are. -NG 10/21/2021,
ST_Out_UI/STAGE_BONUS_DIAMANT_004,"STAGE FOR YOU!にて、楽曲
『オーバーマスター』を開放","The song Overmaster is now available in
STAGE FOR YOU!",Initial grammar cleanup.  Needs to be checked to see how big these message boxes are. -NG 10/21/2021,
ST_Out_UI/STAGE_BONUS_DIAMANT_005,"STAGE FOR YOU!にて、楽曲
『１sｔ Ｃａｌｌ』を開放","The song 1st Call is now available in
STAGE FOR YOU!",Initial grammar cleanup.  Needs to be checked to see how big these message boxes are. -NG 10/21/2021,
ST_Out_UI/STAGE_BONUS_DIAMANT_006,"STAGE FOR YOU!にて、衣装
『スカーレットナイツ』を開放","The outfit Scarlet Knights is now 
available in STAGE FOR YOU!",Initial grammar cleanup.  Needs to be checked to see how big these message boxes are. -NG 10/21/2021,
ST_Out_UI/STAGE_BONUS_DIAMANT_007,"STAGE FOR YOU!にて、衣装
『ダイヤモンドスパークル』を開放","The outfit Diamond Sparkle is now
available in STAGE FOR YOU!",Initial grammar cleanup.  Needs to be checked to see how big these message boxes are. -NG 10/21/2021,
ST_Out_UI/STAGE_BONUS_DIAMANT_008,"STAGE FOR YOU!にて、ステージ
『クイーンズゲートドーム』を開放","Queen's Gate Dome is now available
in STAGE FOR YOU!",Made QA pass.   Needs to be checked in-game. -NG 10/31/2021,
ST_Out_UI/STAGE_BONUS_DIAMANT_009,"STAGE FOR YOU!にて、クライマックス
アピール『シュバルツ・グロー』を開放","The Climax Appeal Schwarz Glow is
now available in STAGE FOR YOU!","quick german spelling fixes -F91
Made QA pass.   Needs to be checked in-game. -NG 10/31/2021",
ST_Out_UI/STAGE_BONUS_DIAMANT_010,"STAGE FOR YOU!にて、クライマックス
アピール『シュバルツ・グロー改』を開放","The Climax Appeal Schwarz Glow Kai is
now available in STAGE FOR YOU!",Made QA pass.   Needs to be checked in-game. -NG 10/31/2021,
ST_Out_UI/STAGE_BUTTON_000,ユニット情報,Unit Info,,
ST_Out_UI/STAGE_DIAMANT_TEXT_000,ディアマントを平日ステージに{0}回使用で開放,Unlock Diamant by using them {0} times on weekday stages.,,
ST_Out_UI/STAGE_DIAMANT_TEXT_001,"玲音・詩花・亜夜の絆Lvがそれぞれ<col_sys>{1}</>以上
<col_sys>{0}</>をクリア","Leon, Shika, and Aya's bond Lv are all <col_sys>{1}</> or more.
Clear<col_sys>{0}</>.",,
ST_Out_UI/STAGE_DIAMANT_TEXT_002,<col_sys>{0}</>をクリア,Clear<col_sys>{0}</>.,,
ST_Out_UI/STAGE_DIAMANT_TEXT_003,開放条件,Locked,"""Unlock Conditions"" is too long and causes overflow -F91",
ST_Out_UI/STAGE_DIAMANT_TEXT_004,玲音・詩花・亜夜の絆Lvがそれぞれ<col_sys>{1}</>以上,"Leon, Shika, and Aya's bond Lv are all<col_sys>{1}</>or more.",,
ST_Out_UI/STAGE_HELP_000,指定参加ユニット,Fixed Unit,,
ST_Out_UI/STAGE_HELP_001,指定楽曲,Req. Song,,
ST_Out_UI/STAGE_HELP_002,自己ベストスコア,Personal Best Score,,
ST_Out_UI/STAGE_HELP_003,挑戦回数,Attempts,,
ST_Out_UI/STAGE_HELP_004,ファン人数,Fans,,
ST_Out_UI/STAGE_HELP_005,マニー,Money,,
ST_Out_UI/STAGE_HELP_006,ユニゾンEXP,Unison EXP,,
ST_Out_UI/STAGE_HELP_007,クライマックスEXP,Climax EXP,,
ST_Out_UI/STAGE_HELP_009,指定クライマックスアピール,Designated Climax Appeal,,
ST_Out_UI/STAGE_INFO_000,情報切替,Info Switch,,
ST_Out_UI/STAGE_INFO_001,クリア条件,Goal,,
ST_Out_UI/STAGE_INFO_002,リクエスト傾向,Request Trends,,
ST_Out_UI/STAGE_INFO_003,使用クライマックス固定,Use Fixed Climax,,
ST_Out_UI/STAGE_INFO_004,推奨ユニット指標,Recommend,"shortening this to simply ""recommended"" to hopefully solve some overflow issues and excessive wording from literal translation. -F91",
ST_Out_UI/STAGE_INFO_005,パラメータ換算総合計,CALC. Total Parameter,Definitely a value that is the full sum of stats including skill boosts.,
ST_Out_UI/STAGE_INFO_006,思い出合計,Total Memories,,
ST_Out_UI/STAGE_INFO_007,パラメータ平均値（スコアアップ効果を反映）,AVG. Parameter Value,AVG is accurate. They calculate the average after factoring raw stat and associated skills and truncate decimals afterward,
ST_Out_UI/STAGE_INFO_008,ライバル情報,Rival Info,,
ST_Out_UI/STAGE_INFO_012,STAGE INFORMATION,STAGE INFORMATION,,
ST_Out_UI/STAGE_INFO_013,HIGH!,HIGH!,,
ST_Out_UI/STAGE_INFO_UNIT_002,編成中ユニット情報,Unit Formation Info,,
ST_Out_UI/STAGE_INFO_UNIT_003,編成中アイドル情報,Idol Formation Info,,
ST_Out_UI/STAGE_TAB_000,WEEKDAY,WEEKDAY,,
ST_Out_UI/STAGE_TAB_001,WEEKEND,WEEKEND,,
ST_Out_UI/STAGE_TAB_002,MONTHLY,MONTHLY,,
ST_Out_UI/STAGE_TAB_005,CLIMAX,CLIMAX,,
ST_Out_UI/STAGE_TAB_INFO_000,INFO,INFO,,
ST_Out_UI/STAGE_TAB_INFO_004,RIVAL,RIVAL,,
ST_Out_UI/STAGE_TERMS_CLIMAX,"
かつ、クライマックスアピールを使用する",And use Climax Appeal,,
ST_Out_UI/STAGE_TEXT_000,STAGE SELECT,STAGE SELECT,,
ST_Out_UI/STAGE_TEXT_001,開催期間外,Not Available Today,"""outside exhibition period"" is a mouthful and doesn't really tell you why the stage isn't available, so I'm changing the notification warning. -F91",
ST_Out_UI/STAGE_TEXT_002,会場,Venue,,
ST_Out_UI/STAGE_TEXT_003,衣装,Outfit,,
ST_Out_UI/STAGE_TEXT_005,アイドル大使,Idol Ambassador,,
ST_Out_UI/STAGE_TEXT_006,ユニゾンアピールブースト,Unison Appeal Boost,,
ST_Out_UI/STAGE_TEXT_007,ステージメニュー,Stage Menu,,
ST_Out_UI/STAGE_TEXT_008,CHALLENGE SELECT,CHALLENGE SELECT,,
ST_Out_UI/STATUS_SORT_MENU_009,SKILL,SKILL,,
ST_Out_UI/STATUS_TAB_001,PARAMETER,PARAMETER,,
ST_Out_UI/SYSTEM_MENU_001,セーブ,Save,,
ST_Out_UI/SYSTEM_MENU_002,ロード,Load,,
ST_Out_UI/SYSTEM_MENU_003,オプション,Options,,
ST_Out_UI/SYSTEM_TEXT_000,はい,Yes,,
ST_Out_UI/SYSTEM_TEXT_001,いいえ,No,,
ST_Out_UI/TANZAKU_CHR_101,みんなでスターリットドームのステージに立とうね！,Let's all get on stage at the Starlit Dome!,,
ST_Out_UI/TANZAKU_CHR_102,ずーっと楽しいといいな☆,I hope it's fun forever☆,,
ST_Out_UI/TANZAKU_CHR_103,ルミナスの歌声が、多くのファンに届きますように,May the voice of Luminous reach many fans.,,
ST_Out_UI/TANZAKU_CHR_104,ルミナスのライブが、ファンのみんなによろこんでもらえますよーに！,I hope all the fans will enjoy Luminous live!,,
ST_Out_UI/TANZAKU_CHR_105,なにがあっても、ルミナスのみんなと頑張ります！,"No matter what happens, I'll do my best with everyone in Luminous!",,
ST_Out_UI/TANZAKU_CHR_106,夢のステージへの挑戦！　気合いを入れて、ガツンと頑張りましょう！,Challenge yourself to the stage of your dreams! Let's get in the spirit and do our best!,"May need to adjust this based on the context of the line that is used in the game. The first sentence sounds like out of context word salad, as it's referring to a singular subject instead of a group.",
ST_Out_UI/TANZAKU_CHR_107,もっとせくちーになりますように,I want to become more sexy!,"The DeepL Machine TL says Sekky/Sekuchi, which I assume is ""sexy"". Could be wrong.
You're right if this is Mami -F91",
ST_Out_UI/TANZAKU_CHR_108,るみなすの輝きが多くの人々に届きますように,May the dazzle of Luminous reach the hearts of many.,"Took a minute to realize Ruminasu is actually romaji for Luminous, I forgot about that. ",
ST_Out_UI/TANZAKU_CHR_109,ルミナスのみんなで、カンペキなライブをするさー！,Let's have a perfect performance with everyone at Luminous!,,
ST_Out_UI/TANZAKU_CHR_110,スターリットシーズンはルミナスのものよ♪,The Starlit Season belongs to Luminous ♪,,
ST_Out_UI/TANZAKU_CHR_111,いっぱいあそんで、食べて、寝る！,"I want to play, eat, and sleep a lot!","DeepL defaulted to ""Play a lot, eat, sleep!"" -NG
Context is missing here. and looks liek this is Ami. -F91",
ST_Out_UI/TANZAKU_CHR_112,ルミナスに素敵な運命が訪れますように,May a wonderful fate befall Luminous.,,
ST_Out_UI/TANZAKU_CHR_113,初志貫徹！　目指すはスターリットドームよ！,That's the plan! We're striving towards the Starlit Dome!,"Needs QA.  Need a better alternative to Original Intention! -NG
Looked over this, and made some adjustments to make it seem a bit less akward sounding. Please check for overflowing. - KK",
ST_Out_UI/TANZAKU_CHR_201,約束の地まで飛翔せよ……我らが光翼！,,,
ST_Out_UI/TANZAKU_CHR_202,伝説になる,I want to be a legend.,"Decided to spice up this line a bit. Going to need some feedback - KK
This is Anzu, but this doesn't exactly line up with her attitude. -F91",
ST_Out_UI/TANZAKU_CHR_203,プロジェクトルミナス★　サイコーのユニットにしようね！,Project Luminous★ Let's become the greatest unit!,,
ST_Out_UI/TANZAKU_CHR_204,毎日がキラキラでハピハピのルミナスになりますよ〜に♪,"Every day will be a sparkling, happy happy, luminous day ♪",,
ST_Out_UI/TANZAKU_CHR_205,スターリットドームで弾けろウサミンパワー☆,"At the Starlit Dome, We'll use my Usamin~ POWAH! ☆","Decided to spice this up a bit by putting extra emphasis on ""Power"" for dramatization and excitement.
It seemed like it would be a bit more faithful to the romaji pronounciation as well for this line. Feel free to give feedback on this. - KK",
ST_Out_UI/TANZAKU_CHR_301,また、みんなでお花見パーティーがしたいです！,,,
ST_Out_UI/TANZAKU_CHR_302,結果を出して、必ずスターリットドームへ行きます,,,
ST_Out_UI/TANZAKU_CHR_303,スターリットドームでライブをやって、モテモテになっちゃいましょー♪,Let's perform at Starlit Dome and become popular♪,,
ST_Out_UI/TANZAKU_CHR_304,精進を忘れず、常に前に進みます,"Don't forget... Be diligent, and always move forward.",,
ST_Out_UI/TANZAKU_CHR_305,ルミナスのみんなと、素敵なハーモニーを奏でられますように♪,,,
ST_Out_UI/TANZAKU_CHR_401,みんなとゲーム、もっとできますように,I hope I can play more games with everyone!,,
ST_Out_UI/TANZAKU_CHR_402,この日々が、みんなに幸せをもたらしますように,May these days being joy to all,,
ST_Out_UI/TANZAKU_CHR_403,みなさんと仲良しになる！,I hope we'll all become great friends!,,
ST_Out_UI/TANZAKU_CHR_404,"めっちゃ楽しくて
盛り上がる毎日になりますように！","This is super fun!
I hope you have a breathtaking day!",Check this to see if it's close to the original text in terms of intent - KK,
ST_Out_UI/TANZAKU_CHR_405,世の中にたえてルミナスなかりせば──,,,
ST_Out_UI/TANZAKU_CHR_601,みなさんと笑顔になれますように,I wish to smile with you all,,
ST_Out_UI/TASK_TEXT_000,達成状況,Progress,,
ST_Out_UI/TASK_TEXT_001,サポート支給,Reward,Changed from Support Payment to prevent overflowing issues - KK,
ST_Out_UI/TASK_TEXT_002,達成期限,Deadline,,
ST_Out_UI/TASK_TEXT_003,自由タスク,Free Tasks,,
ST_Out_UI/TASK_TEXT_004,必須タスク,Required Task,Check for overflowing issues - KK,
ST_Out_UI/TASK_TEXT_005,必須,Required,,
ST_Out_UI/TASK_TITLE_000,P,,,
ST_Out_UI/TASK_TITLE_001,RODUCER,,,
ST_Out_UI/TASK_TITLE_002,T,,,
ST_Out_UI/TASK_TITLE_003,ASK,,,
ST_Out_UI/TEXT_ALL,ALL,,,
ST_Out_UI/TEXT_APPEAL,ユニゾン,Unison,,
ST_Out_UI/TEXT_APPEAL_HELP_000,ATTACK,,,
ST_Out_UI/TEXT_APPEAL_HELP_001,BOOST,,,
ST_Out_UI/TEXT_APPEAL_HELP_002,CHANGE,,,
ST_Out_UI/TEXT_APPEAL_HELP_003,RECOVERY,,,
ST_Out_UI/TEXT_APPEAL_HELP_005,STAR,,,
ST_Out_UI/TEXT_APPEAL_HELP_006,SYNCHRO,,,
ST_Out_UI/TEXT_APPEAL_HELP_007,TENSION,,,
ST_Out_UI/TEXT_CLEAR_000,CLEAR!,,,
ST_Out_UI/TEXT_CLEAR_001,CLEAR,,,
ST_Out_UI/TEXT_CLEAR_BONUS,CLEAR BONUS,,,
ST_Out_UI/TEXT_CLIMAX_APPEAL,CLIMAX APPEAL,,,
ST_Out_UI/TEXT_CONNECTING,CONNECTING,,,
ST_Out_UI/TEXT_CONTINUE,CONTINUE,,,
ST_Out_UI/TEXT_COSTUME_NO,COSTUME,,,
ST_Out_UI/TEXT_COS_COPY_000,(ACE COMBAT™ 7:SKIES UNKNOWN & © BANDAI NAMCO Entertainment Inc.),(Ace Combat™ 7: Skies Unknown & © BANDAI NAMCO Entertainment Inc.),,
ST_Out_UI/TEXT_COS_COPY_001,Tales of Arise™ & ©BANDAI NAMCO Entertainment Inc.,,,
ST_Out_UI/TEXT_COS_COPY_002,©BNEI/PROJECT iM@S,,,
ST_Out_UI/TEXT_COUNT_REM,あと,Presses Left:,,
ST_Out_UI/TEXT_DIAMANT,DIAMANT,,,
ST_Out_UI/TEXT_DLC,DLC,,,
ST_Out_UI/TEXT_DLC_STORY,DLC STORY,,,
ST_Out_UI/TEXT_FIN,Fin,,,
ST_Out_UI/TEXT_GET_000,GET,,,
ST_Out_UI/TEXT_GET_001,GET!,,,
ST_Out_UI/TEXT_HARD,HARD,,,
ST_Out_UI/TEXT_HOME,"PRODUCE
TIME",,,
ST_Out_UI/TEXT_IDOL,IDOL,IDOLS,,
ST_Out_UI/TEXT_IDOL_SELECT,IDOL SELECT,,,
ST_Out_UI/TEXT_ITEM,ITEM,,,
ST_Out_UI/TEXT_LEVEL,Lv,,,
ST_Out_UI/TEXT_LIMIT,LIMIT,,,
ST_Out_UI/TEXT_LOAD,LOAD,,,
ST_Out_UI/TEXT_MAP,FREE TIME,,,
ST_Out_UI/TEXT_MAX_000,MAX,,,
ST_Out_UI/TEXT_MAX_001,MAX!,,,
ST_Out_UI/TEXT_MENU,MENU,,,
ST_Out_UI/TEXT_MISSON,MISSION,,,
ST_Out_UI/TEXT_MONEYBONUS,MONEY BONUS,,,
ST_Out_UI/TEXT_MONTHLY_001,Epilogue,,,
ST_Out_UI/TEXT_MONTHLY_003,March,,,
ST_Out_UI/TEXT_MONTHLY_004,April,,,
ST_Out_UI/TEXT_MONTHLY_005,May,,,
ST_Out_UI/TEXT_MONTHLY_006,June,,,
ST_Out_UI/TEXT_MONTHLY_007,July,,,
ST_Out_UI/TEXT_MONTHLY_008,August,,,
ST_Out_UI/TEXT_MONTHLY_009,September,,,
ST_Out_UI/TEXT_MONTHLY_010,October,,,
ST_Out_UI/TEXT_MONTHLY_011,November,,,
ST_Out_UI/TEXT_MONTHLY_012,December,,,
ST_Out_UI/TEXT_MUSIC,SONG,,,
ST_Out_UI/TEXT_MUSIC_JP,楽曲,Music,,
ST_Out_UI/TEXT_NEW,New,,,
ST_Out_UI/TEXT_NEXT,NEXT,,,
ST_Out_UI/TEXT_NO,No.,,,
ST_Out_UI/TEXT_NODATA,No Data,,,
ST_Out_UI/TEXT_NOW LOADING,NOW LOADING,,,
ST_Out_UI/TEXT_ORDER,ORDER,,,
ST_Out_UI/TEXT_ORDER_001,S,,,
ST_Out_UI/TEXT_ORDER_002,TARLIT,,,
ST_Out_UI/TEXT_PAUSE,PAUSE,,,
ST_Out_UI/TEXT_PLV,PLv,,,
ST_Out_UI/TEXT_PRODUCE,PRODUCE,,,
ST_Out_UI/TEXT_PRODUCER,PRODUCER,,,
ST_Out_UI/TEXT_PROFILE,PROFILE,,,
ST_Out_UI/TEXT_QUESTION,???,,,
ST_Out_UI/TEXT_RANKING,RANKING,Ranking,,
ST_Out_UI/TEXT_REC,REC,,,
ST_Out_UI/TEXT_SAVE,SAVE,,,
ST_Out_UI/TEXT_SCORE,SCORE,,,
ST_Out_UI/TEXT_SKILLPOINT,SKILL POINT,,,
ST_Out_UI/TEXT_SKIP,SKIP,,,
ST_Out_UI/TEXT_SP,SP,,,
ST_Out_UI/TEXT_STAGE,STAGE,,,
ST_Out_UI/TEXT_STAMP,STAMP,,,
ST_Out_UI/TEXT_START,START,,,
ST_Out_UI/TEXT_SYSTEM,SYSTEM,,,
ST_Out_UI/TEXT_TIME_APOINT,APPOINT TIME,,,
ST_Out_UI/TEXT_TIME_KIZUNA,FREE TIME,,,
ST_Out_UI/TEXT_TIME_MEMBERSELECT,MEMBER SELECT,,,
ST_Out_UI/TEXT_TIME_PRODUCE,PRODUCE TIME,,,
ST_Out_UI/TEXT_TITLE,タイトルへ戻る,Return to Title,,
ST_Out_UI/TEXT_TOBE_CONTINUE,To Be Continued,,,
ST_Out_UI/TEXT_TOTAL,TOTAL,,,
ST_Out_UI/TEXT_TOUR,JAPAN 47,,,
ST_Out_UI/TEXT_TUTORIAL,TUTORIAL,,,
ST_Out_UI/TEXT_UNISONAPPEAL,UNISON APPEAL,,,
ST_Out_UI/TEXT_UNIT,UNIT,,,
ST_Out_UI/TEXT_UNITNO_000,{0}th,,,
ST_Out_UI/TEXT_UNITNO_001,1st,,,
ST_Out_UI/TEXT_UNITNO_002,2nd,,,
ST_Out_UI/TEXT_UNITNO_003,3rd,,,
ST_Out_UI/TEXT_UNITNO_004,4th,,,
ST_Out_UI/TEXT_UNITNO_005,5th,,,
ST_Out_UI/TEXT_UNITNO_006,{0}st,,,
ST_Out_UI/TEXT_UNITNO_007,{0}nd,,,
ST_Out_UI/TEXT_UNITNO_008,{0}rd,,,
ST_Out_UI/TEXT_UNITY_POINT,団結ポイント,Unity Points,,
ST_Out_UI/TEXT_UNKNOWN,UNKNOWN,,,
ST_Out_UI/TEXT_VIEW,VIEW,,,
ST_Out_UI/TITLE_MENU_TEXT_001,アイドルのプロデュースができます,Produce your own idol unit.,,
ST_Out_UI/TITLE_MENU_TEXT_002,NEW PRODUCE,NEW PRODUCTION,,
ST_Out_UI/TITLE_MENU_TEXT_003,新たなアイドルユニット『プロジェクトルミナス』を率いて、最優秀ユニットを目指しましょう,"Lead the new idol unit ""Project Luminous"" and aim for the top!","I kind of want to just shorten this to just ""aim for the top!"" since ""top spot!"" sounds slightly silly.  Need feedback. -NG
Shortening it is fine since the game goes through much more detail later -F91",
ST_Out_UI/TITLE_MENU_TEXT_006,任意にセーブした地点からゲームを再開することができます,Resume the game from a save point.,,
ST_Out_UI/TITLE_MENU_TEXT_008,楽曲やアイドルなど、あなたが自由にセッティングしたステージを楽しむことができます,Enjoy stage-plays with songs and idols set to your preferences.,,
ST_Out_UI/TITLE_MENU_TEXT_009,LUMINOUS SHOP,LUMINOUS SHOP,,
ST_Out_UI/TITLE_MENU_TEXT_010,最新のダウンロードコンテンツを閲覧し、購入することができます,View and purchase the latest downloadable content.,,
ST_Out_UI/TITLE_MENU_TEXT_013,ALBUM,ALBUM,,
ST_Out_UI/TITLE_MENU_TEXT_014,アイドルたちとの思い出やメールを鑑賞できます,View your memories and emails with idols.,,
ST_Out_UI/TITLE_MENU_TEXT_016,あなたがプロデュースした、アイドルたちの思い出『COMMU』を鑑賞できます,Appreciate the memories of communications with idols you produced.,,
ST_Out_UI/TITLE_MENU_TEXT_018,あなたがプロデュースした、アイドルたちから受け取ったメールを読むことができます,Read emails recieved from idols you produced.,,
ST_Out_UI/TITLE_MENU_TEXT_020,ゲームの設定を変更できます,You can change the settings of the game.,,
ST_Out_UI/TITLE_MENU_TEXT_021,QUIT GAME,QUIT GAME,,
ST_Out_UI/TITLE_MENU_TEXT_022,ゲームを終了します,Quit the game.,,
ST_Out_UI/TITLE_MENU_TEXT_023,すべてのデータをダウンロードし終わるまで一部機能が使用できません,Some functionality will be unavailable until all data has downloaded.,,
ST_Out_UI/TITLE_TEXT_000,©窪岡俊之 ©2021 BANDAI NAMCO Entertainment Inc.,©Toshiyuki Kubooka ©2021 BANDAI NAMCO Entertainment Inc.,,
ST_Out_UI/TITLE_TEXT_001,PRESS ANY BUTTON,,,
ST_Out_UI/TUTORIAL_CATEGORY_001,プロデュースタイム,Production Time,,
ST_Out_UI/TUTORIAL_CATEGORY_003,目標,Target,,
ST_Out_UI/TUTORIAL_CATEGORY_004,フリータイム,Free Time,,
ST_Out_UI/TUTORIAL_CATEGORY_006,プロデューサー,Producer,,
ST_Out_UI/TUTORIAL_CATEGORY_007,プロデュース,Producing,,
ST_Out_UI/UNIT_APPEAL_CLIMAX,CLIMAX APPEAL SETTING,,,
ST_Out_UI/UNIT_APPEAL_UNISON_001,UNISON APPEAL SETTING,,,
ST_Out_UI/UNIT_APPEAL_UNISON_002,UNISON APPEAL LIST,,,
ST_Out_UI/UNIT_COSTUME_000,全員の衣装を設定,Set All Outfits,"slight text overflow with previous strings
Adjusted from ""Set everyone's costume"". Check for text overflow issues - KK",
ST_Out_UI/UNIT_IDOL_IMPOSSIBLE_000,固定メンバー,Required,Rewording for overflow prevention -F91,
ST_Out_UI/UNIT_IDOL_IMPOSSIBLE_001,人数制限,RESTRICTED,"""headcount limit"" literal translation sounds a bit weird, so I'm changing the wording to better match the circumstances. -F91",
ST_Out_UI/UNIT_IDOL_IMPOSSIBLE_002,未設定,NOT SET,,
ST_Out_UI/UNIT_IDOL_IMPOSSIBLE_003,"固定
メンバー",Required,Rewording for overflow prevention -F91,
ST_Out_UI/UNIT_INFO_000,スコアアップのスキル習得状況,Active Score Up Skill Boosts,no overflow =),
ST_Out_UI/UNIT_ITEM_000,"ステージで使用する
アイテムを設定できます",You can set items to be used on stage.,Needs to be found in-game. -NG,
ST_Out_UI/UNIT_ITEM_001,ITEM SET,,,
ST_Out_UI/UNIT_ITEM_002,"レッスンで使用する
アイテムを設定できます",You can set items to use in the lesson.,Needs to be found in-game. -NG,
ST_Out_UI/UNIT_ITEM_003,"オートレッスンで使用する
アイテムを設定できます","You can set items to be used in auto-lessons.
",,
ST_Out_UI/UNIT_ITEM_004,"営業で使用する
アイテムを設定できます",You can set items to be used in jobs,,
ST_Out_UI/UNIT_ITEM_USE_000,アイテム使用,Use Item,,
ST_Out_UI/UNIT_ITEM_USE_CLIMAX,クライマックスアピールEXPを増加する,Increase Climax Appeal EXP,,
ST_Out_UI/UNIT_ITEM_USE_UNISON,ユニゾンアピールEXPを増加する,Increase Unison Appeal EXP,,
ST_Out_UI/UNIT_MEDLEY_000,1曲目のユニットを設定してください,Set the unit for the first song.,,
ST_Out_UI/UNIT_MEDLEY_001,2曲目のユニットを設定してください,Set the unit for the second song.,,
ST_Out_UI/UNIT_MEDLEY_002,3曲目のユニットを設定してください,Set the unit for the third song.,,
ST_Out_UI/UNIT_MEDLEY_003,MEDLEY SETTING,,,
ST_Out_UI/UNIT_MUSIC_000,歌唱メンバー,Singing Members,,
ST_Out_UI/UNIT_MUSIC_001,課題楽曲,Assigned Song,,
ST_Out_UI/UNIT_MUSIC_002,楽曲固定,Fixed,"Needs to be checked for context. -NG
This is used to mark songs that are required to play. Climby found weird shaded box UI bugs due to the string length of the MTL translation, so we'll shorten this -F91",
ST_Out_UI/UNIT_MUSIC_SPECIAL_000,GUEST MEMBER,,,
ST_Out_UI/UNIT_MUSIC_SPECIAL_001,ALL MEMBER SETTING,,,
ST_Out_UI/UNIT_MUSIC_SPECIAL_002,ステージ衣装,Stage Outfits,,
ST_Out_UI/UNIT_MUSIC_SPECIAL_003,ステージ楽曲,Stage Songs,,
ST_Out_UI/UNIT_PSKILL_002,S,,,
ST_Out_UI/UNIT_PSKILL_003,KILL,,,
ST_Out_UI/UNIT_SKILLBOARD_000,SKILL BOARD,,,
ST_Out_UI/UNIT_SKILLBOARD_001,カーソル位置初期化,Reset Cursor,,
ST_Out_UI/UNIT_SORT_000,アイドル,Idol,Reverting back to idol since they are sorted by agency,
ST_Out_UI/UNIT_SORT_001,パラメータ総合計,Total Parameters,no overflow found so far,
ST_Out_UI/UNIT_SORT_002,Vo.パラメータ,Vo. Parameter,,
ST_Out_UI/UNIT_SORT_003,Da.パラメータ,Da. Parameter,,
ST_Out_UI/UNIT_SORT_004,Vi.パラメータ,Vi. Parameter,,
ST_Out_UI/UNIT_SORT_005,思い出数,Number of Memories,,
ST_Out_UI/UNIT_SORT_006,歌唱メンバー,Singing Members,,
ST_Out_UI/UNIT_STAGE_INFO,決定したステージの情報,Information on the stage to be determined,"If this is for an unknown stage, this can probably be changed to ""To be determined"" or ""Unknown."" -NG",
ST_Out_UI/UNIT_STAGE_INFO_002,ステージの情報,Stage Information,,
ST_Out_UI/UNIT_SUCCESS_000,SUCCESS RATE,,,
ST_Out_UI/UNIT_TOP_HEDDER,MEMBER SETTING,,,
ST_Out_UI/UNIT_TOP_TAB_001,UNIT 1,,,
ST_Out_UI/UNIT_TOP_TAB_002,UNIT 2,,,
ST_Out_UI/UNIT_TOP_TAB_003,UNIT 3,,,
ST_Out_UI/V_SYS_0101_0048_00,わあ～,Wow~,,
ST_Out_UI/V_SYS_0101_0049_00,"またプロデュースしてくれて、嬉しかったです！
これからも、私をよろしくお願いします！","It will be a pleasure working with you again!
As usual, I will be under your care!","This needs a QA pass.
Adjusted for context since Haruka is being produced and not the other way around.
Also everyone in 765 seems to imply that you have worked with them before in previous games - F91

Adjusted ""being produced by"" to ""working with you"" - KK",
ST_Out_UI/V_SYS_0101_0052_00,すごいです！,It's amazing!,,
ST_Out_UI/V_SYS_0101_0053_00,えへへ♪,Ehehe ♪,"DeepL gave a rather flat translation as ""Heh heh..."" or ""Heh...""  Ehehe ♪ seems more appropriate as ""Heh heh"" can easily be interpreted as a creepy laugh.",
ST_Out_UI/V_SYS_0102_0048_00,わぁ～☆,Wow~☆,Romanized - Wa~a ~☆,
ST_Out_UI/V_SYS_0102_0049_00,"ミキ、二人一緒ならこれからも頑張れるの！
だから、ミキから目を離さないでね、ハニー☆","Together, you and me can move mountains!
So don't take your gaze off Miki, honey☆","Alternate: Miki, we can continue to do our best together!
So keep an eye on Miki, Honey ☆
Miki is attention starved and is somewhat seducing the player. Also trying to change the structure of the sentence to make it flow a bit better? - F91

Did some adjustments to make it sound more natural, and to punch up the seductiveness a bit. I decided on doing move mountains, as it's an idiom for doing your best (and sounded a lot better than something like ""break a leg"").
That also kind of gives it a romantic/seductive spin, as evident by the note. - KK",
ST_Out_UI/V_SYS_0102_0052_00,すごいの！,It's amazing!,,
ST_Out_UI/V_SYS_0102_0053_00,あはっ☆,Aha ☆,"Seems to line up better with actual Miki dialogue instead of ""Hahaha!""",
ST_Out_UI/V_SYS_0103_0048_00,嬉しいです,Glad to hear it.,"Alternate: ""I'm happy""",
ST_Out_UI/V_SYS_0103_0049_00,"沢山の助言をいただき、感謝しています。
今後も、どうかよろしくお願いします！","I appreciate all the advice you have given me.
Moving forward, I will continue to be under your care!",Modified sentence to imply previous work relations,
ST_Out_UI/V_SYS_0103_0052_00,凄いですね,It's amazing.,,
ST_Out_UI/V_SYS_0103_0053_00,ふふ……,Fufu......,,
ST_Out_UI/V_SYS_0104_0048_00,わぁい！,Yay!,"So, if Yayoi is a very energetic idol, would ""Yay!"" be more appropriate to use here instead of ""Wow!""?  Romanizes to Wa~a i!",
ST_Out_UI/V_SYS_0104_0049_00,"私、プロデューサーがいたから頑張れましたっ！
だから、これからもよろしくお願いしまーすっ！","I was able to do my best because I had a producer!
So please continue to work with me!",,
ST_Out_UI/V_SYS_0104_0052_00,すごいですー！,It's amazing!,,
ST_Out_UI/V_SYS_0104_0053_00,うっうー！,Wow!,DeepL defaults to Uh-oh! or Uh-uh!.  I'm not exactly sure if U~tsuu ̄ ! is the romanization of the sound Yayoi makes when she is excited or happy.,
ST_Out_UI/V_SYS_0105_0048_00,わぁ……♪,Wow……♪,,
ST_Out_UI/V_SYS_0105_0049_00,"ダメダメな私を見捨てないでいてくれたから……
これからは、私にもお返し、させて欲しいですぅ","You did not abandon me when I thought I was no good at all......
From now on I hope you will allow me to return the favor","Google translate produces Because he didn't abandon me who was useless ...
From now on, I would like to give it back to me.
context: Yukiho is referring to past events -F91",
ST_Out_UI/V_SYS_0105_0052_00,すごいですぅ！,It's amazing!,,
ST_Out_UI/V_SYS_0105_0053_00,えへへっ,Ehehe,,
ST_Out_UI/V_SYS_0106_0048_00,わぁー！,Wow!,,
ST_Out_UI/V_SYS_0106_0049_00,"色々ワガママに付き合ってくれて、嬉しかったです！
これからも頑張りますから、傍で見ていて下さいね！","I'm so glad that you've been so selfish with me!
I'll keep working hard, so please watch me from the side!",,
ST_Out_UI/V_SYS_0106_0052_00,凄いです！,It's amazing!,,
ST_Out_UI/V_SYS_0106_0053_00,へへっ！,Hehe!,,
ST_Out_UI/V_SYS_0107_0048_00,わぉ！,Wow!,,
ST_Out_UI/V_SYS_0107_0049_00,"やっぱり兄ちゃんと真美は、最高の相棒ですなあ！
これからも真美と、いーっぱい遊ぼうね！","After all, Nii-chan and Mami are the best of buddies!
Let's continue to have lots of fun with Mami!","Unless anyone disagrees, I'm leaving the honorific as-is since the Futami twins are known to abuse honorifics.  Literal translation will just produce big brother.",
ST_Out_UI/V_SYS_0107_0052_00,やるねー！,Way to go!,"Alternates include ""Nice work!"" and ""Nice job!""",
ST_Out_UI/V_SYS_0107_0053_00,んっふっふー,Oo hoo hoo~,"This might need a QA pass.  Google translate somehow turns N ffuffu ̄ into ""Hmmmmmmmmmmmmmmmmmmmmmmmmmmmmmmmmmmmmmmmmmmmmmmmmmmmmmmmmmmmmmmmmmmmmmmmmmmmm""
Trying to keep the same sounds while maintaining the mischievious tone of the twins -F91",
ST_Out_UI/V_SYS_0108_0048_00,まあ……,Well......,Google translate: Oh dear……,
ST_Out_UI/V_SYS_0108_0049_00,"プロデューサー、これまでの事、感謝しております
これからも、私を導いてくださいね……","Thank you, producer, for everything you've done.
Please continue to guide me in the future.......",,
ST_Out_UI/V_SYS_0108_0052_00,素晴らしいですね,That's wonderful.,,
ST_Out_UI/V_SYS_0108_0053_00,ふふっ……,Fufu……,Pretty sure this is a Takane vocal tic.,
ST_Out_UI/V_SYS_0109_0048_00,わぁ！,Wow!,DeepL: Whoa!,
ST_Out_UI/V_SYS_0109_0049_00,"自分、もっともっと上を目指していきたいぞ！
だからこれからも自分のこと、見守っててよね！","I want to be better and better!
So please continue to keep watching over me!",Adding continuity,
ST_Out_UI/V_SYS_0109_0052_00,凄いぞー！,That's awesome!,Google translate: It's amazing!,
ST_Out_UI/V_SYS_0109_0053_00,あははっ！,Ahaha!,"I'm sticking with this instead of the DeepL result ""Hahaha!"" since it sounds a little more natural and playful.",
ST_Out_UI/V_SYS_0110_0048_00,わぁ……,Wow.......,,
ST_Out_UI/V_SYS_0110_0049_00,"まぁ、そこそこ頑張ったことだし、感謝してあげる！
まだまだアンタと二人で、これからも突き進むわよ！","Well, you've done your best there, and I thank you for it!
I'm sure you and I will continue to push forward!",,
ST_Out_UI/V_SYS_0110_0052_00,やるじゃない！,Not bad!,"DeepL alternate for the resident tsundere of 765Pro: You're doing great!

Changed from ""You're good!"" to ""Not bad!"", as evident by what ""yaru janai ka"" translates to. - KK",
ST_Out_UI/V_SYS_0110_0053_00,にひひっ♪,Nihihi ♪,Iori vocal tic.,
ST_Out_UI/V_SYS_0111_0048_00,わぉ！,Wow!,DeepL : Whoa!,
ST_Out_UI/V_SYS_0111_0049_00,"やっぱり兄ちゃんといると、毎日シゲキテキだね～！
そんなわけでこれからもずっと、亜美と遊んでね☆","After all, being with Nii-chan makes every day more exciting~!
That's why I hope you'll continue to play with Ami☆",See 1149.,
ST_Out_UI/V_SYS_0111_0052_00,すごいねー！,That's awesome!,,
ST_Out_UI/V_SYS_0111_0053_00,んっふっふー,Oo hoo hoo~,See 1151.,
ST_Out_UI/V_SYS_0112_0048_00,まぁ～♪,Well~♪,,
ST_Out_UI/V_SYS_0112_0049_00,"プロデューサーさんのお陰で、とても充実しています
これからも色々な思い出、作りましょうね♪","Thanks to you, Producer-san, I am very fulfilled.
Let's make many more memories in the future♪","Will need a QA pass.
Good enough for me -F91",
ST_Out_UI/V_SYS_0112_0052_00,凄いですね～,It's amazing~,,
ST_Out_UI/V_SYS_0112_0053_00,うふふっ♪,Ufufu ♪,,
ST_Out_UI/V_SYS_0113_0048_00,おぉ～,Oh ~,,
ST_Out_UI/V_SYS_0113_0049_00,"相変わらず、プロデュースの腕は落ちてませんね？
今後も頼りにしてますからね、プロデューサー殿♪","I'm sure your producing skills haven't subsided, have they?
I'll keep counting on you, Producer-dono♪",Kept the honorific.  Pretty sure this one is Ritsuko specific.,
ST_Out_UI/V_SYS_0113_0052_00,凄いですね,It's amazing.,,
ST_Out_UI/V_SYS_0113_0053_00,ふふっ,Fufu,,
ST_Out_UI/V_SYS_0201_0048_00,わぁ……！,Wow......!,,
ST_Out_UI/V_SYS_0201_0049_00,"我が歩みは、まだ始まったばかり……
悠久の時を、我と共に歩もうぞ！","My journey has only begun......
Please be with me for eternity!",Check if this is accurate to the original text - KK,
ST_Out_UI/V_SYS_0201_0052_00,このようなことが！,This is happening!,Check if this is accurate to the original text - KK,
ST_Out_UI/V_SYS_0201_0053_00,ククク……,"Heh, Heh, Heh~.......",,
ST_Out_UI/V_SYS_0202_0048_00,おー,Oh...,,
ST_Out_UI/V_SYS_0202_0049_00,"まぁ、結構いいパートナーだと思うよ、杏たち
って訳でこれからも期待してるよ、プロデューサー♪",,,
ST_Out_UI/V_SYS_0202_0052_00,やるじゃん？,"You'll do it, right?",,
ST_Out_UI/V_SYS_0202_0053_00,ふっふっふ,"Ha,Ha,Ha~",,
ST_Out_UI/V_SYS_0203_0048_00,うん☆,Mm-hmm☆,,
ST_Out_UI/V_SYS_0203_0049_00,"こんなに良くしてくれて、ありがとねっ♪
これからもアタシから、目を離しちゃダメだかんね★",,,
ST_Out_UI/V_SYS_0203_0052_00,すごいじゃん！,"It's fantastic, isn't it!?",,
ST_Out_UI/V_SYS_0203_0053_00,あはは♪,Ahaha ♪,,
ST_Out_UI/V_SYS_0204_0048_00,うっきゃー☆,,,
ST_Out_UI/V_SYS_0204_0049_00,"Ｐちゃんといると、きらりとーってもはぴはぴ♪
この先も、Ｐちゃんとアイドルがんばゆ☆","When Kirari is with P-chan, everything feels happy happy!♪
From now on, P-Chan and us idols will Myew our best!☆","Decided on using cat puns for Kirari's way of saying ganbatte, and to express her happiness, similar to a cat's purring. - KK",
ST_Out_UI/V_SYS_0204_0052_00,すごいすごぉーい！,Crazy Crazy~!,Feel free to change this if you want - KK,
ST_Out_UI/V_SYS_0204_0053_00,えへへ♪,Eh he he ♪,,
ST_Out_UI/V_SYS_0205_0048_00,わぁー！,Wow~!,,
ST_Out_UI/V_SYS_0205_0049_00,"ナナをこんなにも立派にしてくれて……うぅ……！
これからもナナ、一緒に頑張りますからっ！",,,
ST_Out_UI/V_SYS_0205_0052_00,凄いですね！,This is great!,,
ST_Out_UI/V_SYS_0205_0053_00,えへへ,Eh he he,,
ST_Out_UI/V_SYS_0206_0048_00,まぁ……,,,
ST_Out_UI/V_SYS_0206_0049_00,"貴方となら、どこまでも飛んでいける気がするんです
私をこの先へと、連れて行ってくださいね？",,,
ST_Out_UI/V_SYS_0206_0052_00,凄いですね,,,
ST_Out_UI/V_SYS_0206_0053_00,ふふっ♪,,,
ST_Out_UI/V_SYS_0301_0048_00,わぁー！,Woah~!,,
ST_Out_UI/V_SYS_0301_0049_00,"これまで支えてくれて、ありがとうございます！
私の成長、これからも見ていてくださいね！","Thanks so much for having my back!
Please keep watching me grow!",,
ST_Out_UI/V_SYS_0301_0052_00,すごいですね！,That's awesome!,,
ST_Out_UI/V_SYS_0301_0053_00,でへへ～♪,Tehehe~♪,,
ST_Out_UI/V_SYS_0302_0048_00,感心しました……,I'm impressed......,,
ST_Out_UI/V_SYS_0302_0049_00,"私を認めてくれて、ありがとうございました。
私も、その想いに応えるべく、精進します！","Thank you for noticing me.
I'll do my best to live up to expectations!",,
ST_Out_UI/V_SYS_0302_0052_00,凄いですね,,,
ST_Out_UI/V_SYS_0302_0053_00,ふふっ,Fufu,,
ST_Out_UI/V_SYS_0303_0048_00,わ～い♪,Wow ♪,,
ST_Out_UI/V_SYS_0303_0049_00,"これからもわたしと、ずっと一緒にいて下さいね♪
まずは……デートとか！　ダメぇ？",,,
ST_Out_UI/V_SYS_0303_0052_00,すごいですねー☆,That's amazing☆,,
ST_Out_UI/V_SYS_0303_0053_00,えへへ♪,Ehehe♪,,
ST_Out_UI/V_SYS_0304_0048_00,わぁ……,Woah......,,
ST_Out_UI/V_SYS_0304_0049_00,"いつも、その……いや、ちゃんと言わんと……
うちを見てくれて、あ、あんやとっ！",,,
ST_Out_UI/V_SYS_0304_0052_00,な、中々ですね,"Hmm, admirable, wasn't it?","The Japanese dialogue seems to be something on the lines of ""na, naka naka desu ne?"", as evident by the kanji repeater in the text (々) being right after naka, which seemingly means medium.
So, as a result, I decided that so-so (a term that means neither good or bad), would be a decent word to match it, but that's just me. Feel free to adjust it if it doesn't sit right - KK

""Hmm, so-so, wasn't it?"" was what I originally came up with based on that, but PSP seems to think that it could mean ""very great"" instead of ""so-so"", but I have to wait on a confirmation before I can say for certain.",
ST_Out_UI/V_SYS_0304_0053_00,……ふふっ！,,,
ST_Out_UI/V_SYS_0305_0048_00,まぁ♪,Well~♪,,
ST_Out_UI/V_SYS_0305_0049_00,"プロデューサーさんのお陰で、ここまで来れました♪
ですから、この先も、見守っていてくださいね……",,,
ST_Out_UI/V_SYS_0305_0052_00,すごい……！,Amazing!,,
ST_Out_UI/V_SYS_0305_0053_00,うふふ♪,Ufufu ♪,,
ST_Out_UI/V_SYS_0306_0048_00,わぁ……！,,,
ST_Out_UI/V_SYS_0306_0049_00,"私をしっかりと育ててくれて、ありがとうございます
これからも、一緒に頑張っていきましょうね",,,
ST_Out_UI/V_SYS_0306_0052_00,凄いです！,,,
ST_Out_UI/V_SYS_0306_0053_00,ふふっ♪,,,
ST_Out_UI/V_SYS_0401_0048_00,わぁ……！,Woah...,,
ST_Out_UI/V_SYS_0401_0049_00,"甜花、今まで、いっぱい楽しかったから……
これからも、甜花と一緒に居てほしい、な……♪",,,
ST_Out_UI/V_SYS_0401_0052_00,す、すごい……！,,,
ST_Out_UI/V_SYS_0401_0053_00,にへへ……,,,
ST_Out_UI/V_SYS_0402_0048_00,おぉ……,Oh...,,
ST_Out_UI/V_SYS_0402_0049_00,"アナタの力で私はここまでたどり着けた気がするよ
もっと高い景色も、一緒に見たいものだね",,,
ST_Out_UI/V_SYS_0402_0052_00,凄いね！,,,
ST_Out_UI/V_SYS_0402_0053_00,フフッ♪,Fufu♪,,
ST_Out_UI/V_SYS_0403_0048_00,わぁっ！,Woah!,,
ST_Out_UI/V_SYS_0403_0049_00,"プロデューサーさん、いつもありがとうございます！
これからも一緒に戦ってください！",,,
ST_Out_UI/V_SYS_0403_0052_00,スゴいですっ！,,,
ST_Out_UI/V_SYS_0403_0053_00,えへへっ,Ehehe,,
ST_Out_UI/V_SYS_0404_0048_00,わぁー☆,Woah!☆,,
ST_Out_UI/V_SYS_0404_0049_00,"甘奈のこと、大事にしてくれてありがと！
これからもずーっと、よろしくお願いします☆",,,
ST_Out_UI/V_SYS_0404_0052_00,すごーい！,Amazing!,,
ST_Out_UI/V_SYS_0404_0053_00,えへへ,Ehehe,,
ST_Out_UI/V_SYS_0405_0048_00,はい……,,,
ST_Out_UI/V_SYS_0405_0049_00,"かけがえのない時を……
プロデューサーさまと……これからも……",,,
ST_Out_UI/V_SYS_0405_0052_00,僥倖でございます……,,,
ST_Out_UI/V_SYS_0405_0053_00,……ふふ,...fufu,,
ST_Out_UI/V_SYS_0406_0048_00,……ふーん,,,
ST_Out_UI/V_SYS_0406_0049_00,"まぁ、そこそこ楽しめてたみたいなのでー
これからも……まみみの面倒見て下さいねー",,,
ST_Out_UI/V_SYS_0406_0052_00,すごいですねー,,,
ST_Out_UI/V_SYS_0406_0053_00,ふふー,,,
ST_Out_UI/V_SYS_0501_0048_00,おぉ！,Oh!,,
ST_Out_UI/V_SYS_0501_0049_00,"こんなに充実しているのは、キミの力なんだろうね
これからもアタシとキミの物語を、続けていこう！",,,
ST_Out_UI/V_SYS_0501_0052_00,凄いな！,,,
ST_Out_UI/V_SYS_0501_0053_00,フフッ♪,Fufu♪,,
ST_Out_UI/V_SYS_0502_0048_00,わぁ！,Woah!,,
ST_Out_UI/V_SYS_0502_0049_00,"いつも私のことを助けてくれて、ありがとう
ございます。これからも、よろしくお願いしますね♪",,,
ST_Out_UI/V_SYS_0502_0052_00,凄いですね♪,That's amazing♪,,
ST_Out_UI/V_SYS_0502_0053_00,ふふ♪,Fufu♪,,
ST_Out_UI/V_SYS_0601_0048_00,わぁ♪,Woah♪,,
ST_Out_UI/V_SYS_0601_0049_00,"私をアイドルにしてくれて、ありがとうございます！
この先も私のプロデュース、していただけますか？",,,
ST_Out_UI/V_SYS_0601_0052_00,すごいです！,That's amazing!,,
ST_Out_UI/V_SYS_0601_0053_00,ふふっ♪,Fufu♪,,
ST_Out_UI/V_SYS_0602_0048_00,ふ、ふーん,,,
ST_Out_UI/V_SYS_0602_0049_00,"あなたにはいろいろ手助けしてもらったし……
一応、感謝してるわ。これからも……よろしくね！",,,
ST_Out_UI/V_SYS_0602_0052_00,そこそこやるわね！,,,
ST_Out_UI/V_SYS_0602_0053_00,……ふふっ♪,Fufu♪,,
ST_Out_UI/WORK_IMPOSSIBLE_001,活動制限,Activity Restrictions,,
ST_Out_UI/WORK_INFO_001,必要パラメータ合計値,Required Parameters,Shortened this to required parameters.  Total Required Parameters is causing an overflow. -NG 10/24/2021,
ST_Out_UI/WORK_INFO_002,条件,Condition,"""condition"" slightly overflows.",
ST_Out_UI/WORK_INFO_003,効果,Result,,
ST_Out_UI/WORK_INFO_004,IDOL BONUS,,,
ST_Out_UI/WORK_INFO_005,指名条件,Unlock Conditions,literal translation does not work well here. changing to unlock conditions. -F91,
ST_Out_UI/WORK_INFO_006,現在、行える営業がありません,"Currently, there are no jobs available.","Needs to be found in-game to do a QA pass on this.  Will most likely overflow. -NG
I think this message will appear when every unlocked job has been cleared. We won't be seeing this anytime soon -F91",
ST_Out_UI/WORK_INFO_007,活動条件,Activity Restrictions,Rewording this to make it clear that the player cannot take this specific job. -F91,
ST_Out_UI/WORK_INFO_008,オールメンバー活動日に可能,Only possible on Members Activity Days.,"Needs a QA pass.
original QA pass is good, but we need to reword this to maintain consistency with used terminology -F91 11/3/2021",
ST_Out_UI/WORK_MEMBER_000,自由選択5名,Any 5 members,,
ST_Out_UI/WORK_TAB_003,KIZUNA,BONDS,,
ST_Out_UI/WORK_TEXT_000,WORK SELECT,WORK SELECTION,,
ST_Out_UI/WORK_TYPE_000,チーム,Team,,
ST_Out_UI/WORK_TYPE_001,指名,Name,,